stop_id,stop_name,rank
at:41:3087,Bad Sauerbrunn Bahnhof,1
at:41:3145,Baumgarten-Schattendorf Bahnhof,0
at:41:3186,Breitenbrunn Bahnhof,0
at:41:3294,Deutschkreutz Bahnhof,0
at:41:3298,Donnerskirchen Bahnhof,0
at:41:3303,Draßburg Bahnhof,0
at:41:3351,Eisenstadt Bahnhof,0
at:41:3443,Frauenkirchen Bahnhof,0
at:41:3490,Eisenstadt Schule,0
at:41:3531,Gols Bahnhof,0
at:41:3831,Jois Bahnhof,0
at:41:4109,Loipersbach-Schattendorf Bhf.,0
at:41:4176,Marz-Rohrbach Bahnhof,0
at:41:4177,Mattersburg Bahnhof,0
at:41:4227,Müllendorf Bahnhof,0
at:41:4309,Mönchhof-Halbturn Bahnhof,0
at:41:4325,Neudörfl Bahnhof,1
at:41:4327,Neufeld an der Leitha Bahnhof,0
at:41:4348,Neusiedl am See Bad Bahnhof,0
at:41:4351,Neusiedl am See Bahnhof,0
at:41:4367,Nickelsdorf Bahnhof,0
at:41:4464,Pamhagen Bahnhof,0
at:41:4469,Parndorf Bahnhof,0
at:41:4473,Parndorf Ort Bahnhof,0
at:41:4592,Purbach am Neusiedler See Bf.,0
at:41:4731,Schützen am Gebirge Haltestelle,0
at:41:4732,Schützen am Gebirge Bahnhof,0
at:41:4821,St. Andrä am Zicksee Bahnhof,0
at:41:5143,Wallern im Bgld Bahnhof,0
at:41:5157,Weiden am See Bahnhof,0
at:41:5233,Wiesen-Sigleß Bahnhof,1
at:41:5248,Winden am See Bahnhof,0
at:41:5286,Wulkaprodersdorf Bahnhof,0
at:41:5288,Wulkaprodersdorf Haltestelle,0
at:41:5312,Zurndorf Bahnhof,0
at:41:5969,Neudorf,0
at:41:5970,Gattendorf Bahnhof,0
at:41:5971,Pama Bahnhof,0
at:41:5972,Kittsee Bahnhof,0
at:41:5980,Mattersburg Nord Bhf.,1
at:41:7075,Jennersdorf Bahnhof,0
at:41:7455,Mogersdorf Bahnhof,0
at:42:2121,Mallnitz-Obervellach Bahnhof,0
at:42:2125,Kolbnitz Bahnhof,1
at:42:2126,Mühldorf-Möllbrücke Bahnhst,1
at:42:2127,Pusarnitz Bahnhof,1
at:42:2128,Spittal-Millstätter See Bahnhof,0
at:42:2130,Rothenthurn Bahnhof,1
at:42:2131,Ferndorf Bahnhst,1
at:42:2132,Markt Paternion Bahnhst,1
at:42:2133,Paternion-Feistritz Bahnhst,0
at:42:2134,Weissenstein-Kellerberg Bahnhst,1
at:42:2136,Puch b.Villach Bahnhst,1
at:42:2137,Gödersdorf Bahnhst,1
at:42:2138,Finkenstein Bahnhst,1
at:42:2139,Faak am See Bahnhof,1
at:42:2143,Rosenbach Bahnhof,1
at:42:2149,Ledenitzen Bahnhst,1
at:42:3625,Friesach Bahnhof,0
at:42:3626,Micheldorf-Hirt Bahnhst,0
at:42:3627,Treibach-Althofen,0
at:42:3628,Kappel am Krappfeld Bahnhst,0
at:42:3629,Passering Bahnhst,0
at:42:3631,Launsdorf-Hochosterwitz Bahnhof,0
at:42:3632,St. Georgen am Längsee Bahnhst,1
at:42:3633,St. Veit an der Glan Bahnhof,0
at:42:3636,Glandorf Bahnhst,1
at:42:3639,Maria Saal Bahnhof,0
at:42:3640,Klagenfurt Annabichl Bahnhst,0
at:42:3641,Klagenfurt Ostbahnhof g2,0
at:42:3642,Klagenfurt Hauptbahnhof,0
at:42:3643,Klagenfurt West Bahnhst,0
at:42:3645,Klagenfurt Lend Bahnhst,0
at:42:3646,Krumpendorf Bahnhof,0
at:42:3647,Pritschitz Bahnhst,1
at:42:3648,Pörtschach Bahnhof g1,0
at:42:3649,Töschling Bahnhst,1
at:42:3650,Velden am Wörthersee Bahnhof,0
at:42:3651,Lind-Rosegg Bahnhst,0
at:42:3652,Föderlach Bahnhof,0
at:42:3653,Villach Seebach Bahnhst,0
at:42:3654,Villach Hauptbahnhof,0
at:42:3655,Villach Landskron Bahnhst,1
at:42:3656,Villach Westbahnhof,0
at:42:3657,Villach Warmbad Bahnhst,0
at:42:3659,Fürnitz Bahnhof,0
at:42:3660,Neuhaus an der Gail Bahnhst,1
at:42:3661,Pöckau Bahnhst,1
at:42:3662,Arnoldstein Bahnhof,0
at:42:3663,Thörl-Maglern Bahnhof,0
at:42:3715,Wolfsberg Bahnhof,0
at:42:3716,Wolfsberg Reding Bahnhst,0
at:42:3717,St. Stefan Bahnhof,0
at:42:3718,St. Andrä Bahnhof,0
at:42:3721,St.Paul im Lavanttal Bahnhof,0
at:42:3800,St. Veit an der Glan Westbahnhof,1
at:42:3802,Liebenfels Bahnhst,1
at:42:3803,Tauchendorf-Haidensee Bahnhst,1
at:42:3804,Glanegg in Ktn Bahnhst,1
at:42:3805,Mautbrücken Bahnhst,1
at:42:3806,St.Martin-Sittich Bahnhst (Bundesstraße),1
at:42:3807,Feldkirchen in Kärnten Bahnhof,1
at:42:3808,Tiffen Bahnhst,1
at:42:3809,Steindorf am Ossiachersee Bahnhst,1
at:42:3810,Ossiach-Bodensdorf Bahnhof,1
at:42:3811,St. Urban am Ossiacher See Bahnhst,1
at:42:3812,Sattendorf Bahnhof,1
at:42:3813,Annenheim Bahnhst,1
at:42:3814,Villach St. Ruprecht Bahnhof,1
at:42:3819,Klagenfurt Ebenthal Bahnhst g1,1
at:42:3820,Grafenstein Bahnhof,1
at:42:3823,Mittlern Bahnhst,1
at:42:3824,St. Michael ob Bleiburg Bahnhst,1
at:42:3825,Bleiburg Bahnhof,1
at:42:3826,Bleiburg Stadt Bahnhst,1
at:42:3831,Kühnsdorf-Klopeinersee Bahnhof,0
at:42:3832,Wiederndorf-Aich Bahnhst,1
at:42:3842,Klagenfurt Süd Bahnhst,1
at:42:3843,Maria Rain Bahnhst,1
at:42:3844,Weizelsdorf Bahnhof,1
at:42:3847,Köttmannsdorf Lambichl Bahnhst,1
at:42:3861,Lendorf Bahnhst,1
at:42:3862,Möllbrücke-Sachsenburg Bahnhof,1
at:42:3863,Sachsenburg Markt Bahnhst,1
at:42:3864,Kleblach-Lind Bahnhof,1
at:42:3865,Steinfeld im Drautal Bahnhof,1
at:42:3866,Greifenburg-Weißensee Bahnhof,0
at:42:3867,Berg im Drautal Bahnhst,1
at:42:3868,Dellach im Drautal Bahnhof,1
at:42:3869,Irschen Bahnhst g1,1
at:42:3870,Oberdrauburg Bahnhof,0
at:42:3901,Nötsch Bahnhof,0
at:42:3902,Emmersdorf im Gailtal Bahnhst,0
at:42:3903,St. Stefan-Vorderberg Bahnhof,0
at:42:3904,Görtschach-Förolach Bahnhof,0
at:42:3905,Pressegger See Bahnhst,0
at:42:3906,Vellach-Khünburg Bahnhst,0
at:42:3907,Hermagor Bahnhof,0
at:42:5281,Micheldorf-Hirt Bahnhst (Hauptstraße),3
at:43:20307,Unterretzbach Bahnhof,0
at:43:3004,Absdorf-Hippersdorf Bahnhof,0
at:43:3005,Altenhof/Kamp Bahnhof,0
at:43:3008,Achau Bahnhof,1
at:43:3046,Angern,0
at:43:3064,Atzenbrugg Bahnhof,1
at:43:3079,Bad Deutsch-Altenburg Bahnhof,0
at:43:3090,Bad Vöslau Bahnhof,0
at:43:3101,Baden Bahnhof,0
at:43:3155,Berndorf/Triesting Fabrik Bahnhof,1
at:43:3160,Berndorf Stadt Bahnhof,1
at:43:3162,Bernhardsthal Bahnhof,0
at:43:3170,Bisamberg Bahnhof,1
at:43:3189,Breiteneich bei Horn Bahnhof,1
at:43:3204,Breitensee NÖ,0
at:43:3205,Breitenwaida Bahnhof,1
at:43:3209,Bruck/Leitha Bahnhof,0
at:43:3255,Brunn-Maria Enzersdorf Bahnhof,1
at:43:3260,Buchberg/Kamp Bahnhof,0
at:43:3264,Böheimkirchen Bahnhof,0
at:43:3279,Deutsch-Wagram Bahnhof,0
at:43:3292,Helmahof Bahnhof,1
at:43:3309,Drösing Bahnhof,0
at:43:3310,Dürnkrut Bahnhof,0
at:43:3314,Dürrwien Bahnhof,1
at:43:3318,Ebenfurth Bahnhof,0
at:43:3339,Eggenburg Bahnhof,0
at:43:3347,Eichgraben-Altlengbach Bahnhof,0
at:43:3388,Enzersdorf bei Staatz Bahnhof,0
at:43:3401,Enzesfeld-Lindabrunn Bahnhof,1
at:43:3408,Etsdorf-Straß Bahnhof,0
at:43:3415,Felixdorf Bahnhof,0
at:43:3420,Fels am Wagram Bahnhof,0
at:43:3430,Fischamend Bahnhof,0
at:43:3449,Frättingsdorf Bahnhof,0
at:43:3481,Gaisruck Bahnhof,1
at:43:3486,Gars-Thunau Bahnhof,0
at:43:3493,Gedersdorf Bahnhof,0
at:43:3496,Gemeinlebarn Bahnhof,1
at:43:3499,Gerasdorf Bahnhof,0
at:43:3527,Glinzendorf Bahnhof,0
at:43:3528,Gobelsburg Bahnhof,0
at:43:3538,Gramatneusiedl Bahnhof,0
at:43:3544,Greifenstein-Altenberg Bahnhof,1
at:43:3580,Großweikersdorf Bahnhof,0
at:43:3602,Gumpoldskirchen Bahnhof,1
at:43:3608,Guntersdorf Bahnhof,0
at:43:3616,Guntramsdorf-Thallern Bahnhof,1
at:43:3617,Guntramsdorf-Kaiserau Bahnhof,1
at:43:3622,Gänserndorf Bahnhof,0
at:43:3647,Göllersdorf Bahnhof,0
at:43:3653,Ebreichsdorf Bahnhof,0
at:43:3655,Götzendorf Bahnhof,0
at:43:3660,Hadersdorf/Kamp Bahnhof,0
at:43:3677,Hainburg/Donau Ungartor/B9,0
at:43:3681,Hainburg/Donau Kulturfabrik Bhf.,0
at:43:3686,Hainburg/Donau Personenbhf.,0
at:43:3706,Haslau an der Donau Bahnhof,0
at:43:3709,Hausleiten Bahnhof,1
at:43:3712,Hautzendorf Bahnhof,1
at:43:3723,Hennersdorf Bahnhof,1
at:43:3733,Hetzmannsdorf-Wullersdorf Bhf.,0
at:43:3734,Himberg Bahnhof,0
at:43:3766,Hirtenberg Bahnhof,1
at:43:3778,Hohenau,0
at:43:3780,Hollabrunn Bahnhof,0
at:43:3784,Horn Bahnhof,0
at:43:3794,Höbersdorf Bahnhof,1
at:43:3800,Höflein/Donau Bahnhof,1
at:43:3806,Hörersdorf Bahnhof,0
at:43:3830,Jedenspeigen Bahnhof,0
at:43:3851,Kamegg Bahnhof,1
at:43:3852,Kapellerfeld Bahnhof,0
at:43:3867,Katzelsdorf Bahnhof,1
at:43:3880,Kirchberg am Wagram Bhf.,0
at:43:3885,Kirchstetten Bahnhof,0
at:43:3895,Kledering Bahnhof,1
at:43:3952,Klosterneuburg-Kierling,1
at:43:3953,Klosterneuburg-Weidling Bhf.,1
at:43:3963,Korneuburg Bahnhof,0
at:43:3989,Kottingbrunn Bahnhof,1
at:43:3991,Kottingneusiedl Bahnhof,0
at:43:3993,Krems Bahnhof,0
at:43:3995,Kritzendorf Bahnhof,1
at:43:4003,Unterkritzendorf Bahnhof,1
at:43:4015,Laa/Thaya Bahnhof,0
at:43:4016,St. Pölten Bildungscampus Bahnhof,1
at:43:4025,Ladendorf Bahnhof,0
at:43:4029,Langenlebarn Bahnhof,1
at:43:4036,Langenlois Bahnhof,0
at:43:4045,Langenzersdorf Bahnhof,0
at:43:4054,Lanzendorf-Rannersdorf Bahnhof,1
at:43:4067,Laxenburg-Biedermannsdorf Bhf.,1
at:43:4083,Leobendorf-Burg Kreuzenstein Bhf.,1
at:43:4084,Leobersdorf Bahnhof,0
at:43:4102,Limberg-Maissau Bahnhof,0
at:43:4132,Marchegg Bahnhof,0
at:43:4140,Maria Anzbach Bahnhof,0
at:43:4142,Maria Ellend Bahnhof,0
at:43:4165,Maria Lanzendorf Bahnhof,1
at:43:4196,Michelhausen Bahnhof,1
at:43:4202,Mistelbach Bahnhof,0
at:43:4207,Mistelbach Stadt,0
at:43:4216,Moosbierbaum-Heiligeneich Bf.,1
at:43:4225,Muckendorf-Wipfing Bahnhof,1
at:43:4231,Münchendorf Bahnhof,1
at:43:4239,Mödling Bahnhof,0
at:43:4301,Möllersdorf Aspangbahn,1
at:43:4318,Neubau-Kreuzstetten Bahnhof,0
at:43:4337,Neulengbach Bahnhof,0
at:43:4338,Neulengbach Stadt Bahnhof,0
at:43:4377,Niederkreuzstetten Bahnhof,0
at:43:4395,Obereggendorf Bahnhof,1
at:43:4408,Oberolberndorf Bahnhof,1
at:43:4417,Obersdorf Bahnhof,0
at:43:4423,Oberwaltersdorf Bahnhof,1
at:43:4429,Oberweiden Bahnhof,1
at:43:4440,Ollersbach Bahnhof,0
at:43:4455,Paasdorf Bahnhof,1
at:43:4500,Perchtoldsdorf Bahnhof,1
at:43:4531,Petronell-Carnuntum Bahnhof,0
at:43:4533,Pfaffstätten Bahnhof,1
at:43:4549,Plank am Kamp Bahnhof,0
at:43:4552,Platt Bahnhof,0
at:43:4556,Pottenbrunn Bahnhof,0
at:43:4562,Pottendorf-Landegg Bahnhof,0
at:43:4565,Pottenstein an der Triesting Bhf.,1
at:43:4574,Pressbaum Bahnhof,0
at:43:4601,Purkersdorf Sanatorium Bhf.,1
at:43:4603,Purkersdorf Zentrum Bahnhof,0
at:43:4605,Unterpurkersdorf Bahnhof,1
at:43:4613,Raasdorf Bahnhof,0
at:43:4616,Rabensburg Bahnhof,0
at:43:4639,Regelsbrunn Bahnhof,0
at:43:4651,Rekawinkel Bahnhof,1
at:43:4656,Retz Bahnhof,0
at:43:4671,Rohrendorf,0
at:43:4674,Rosenburg Bahnhof,0
at:43:4688,Sarasdorf Bahnhof,1
at:43:4695,Schleinbach Bahnhof,0
at:43:4697,Stallegg Bahnhof,1
at:43:4708,Flughafen Wien Bahnhof,0
at:43:4710,Schwechat Bahnhof,0
at:43:4742,Schönberg/Kamp Bahnhof,0
at:43:4743,Schönborn-Mallebarn,1
at:43:4745,Schönfeld-Lassee Bahnhof,0
at:43:4759,Seyring Bahnhof,0
at:43:4764,Siebenbrunn-Leopoldsdf,0
at:43:4765,Siebenhirten (NÖ) Haltestelle,0
at:43:4783,Sierndorf bei Stockerau Bahnhof,0
at:43:4787,Sierndorf an der March Bahnhof,0
at:43:4789,Sigmundsherberg Bahnhof,0
at:43:4790,Silberwald Bahnhof,1
at:43:4798,Sitzenberg-Reidling Bahnhof,1
at:43:4801,Sollenau Bahnhof,1
at:43:4814,Spillern Bahnhof,0
at:43:4824,St. Andrä-Wördern Bahnhof,0
at:43:4848,St. Pölten Hauptbahnhof,0
at:43:4849,St. Veit an der Triesting Bhf.,1
at:43:4852,Staatz Bahnhof,0
at:43:4875,Mannswörth Bahnhof,1
at:43:4881,Stiefern Bahnhof,0
at:43:4882,Stillfried Bahnhof,0
at:43:4884,Stockerau Bahnhof,0
at:43:4922,Strasshof Bahnhof,0
at:43:4975,Tallesbrunn Bahnhof,0
at:43:4978,Tattendorf Bahnhof,1
at:43:4983,Teesdorf Bahnhof,1
at:43:4990,Theresienfeld Bahnhof,1
at:43:4995,Traiskirchen Aspangbahn,1
at:43:5005,Traismauer Bahnhof,1
at:43:5006,Trasdorf Bahnhof,1
at:43:5013,Trautmannsdorf/Leitha Bhf.,1
at:43:5023,Trumau Bahnhof,1
at:43:5034,Tulln Bahnhof,0
at:43:5057,Tulln Stadt Bahnhof,1
at:43:5068,Tullnerbach-Pressbaum Bahnhof,0
at:43:5070,Ulrichskirchen Bahnhof,0
at:43:5072,Untereggendorf Bahnhof,1
at:43:5090,Untersiebenbrunn Bahnhof,0
at:43:5094,Untertullnerbach Bahnhof,1
at:43:5138,Wagram-Grafenegg Bahnhof,0
at:43:5147,Wampersdorf Bahnhof,1
at:43:5189,Weikendorf-Dörfles Bahnhof,0
at:43:5195,Weissenbach-Neuhaus Bahnhof,1
at:43:5210,Wiener Neustadt Hauptbahnhof,0
at:43:5223,Wiener Neustadt Nord,1
at:43:5227,Wiener Neustadt Civitas Nova,1
at:43:5235,Wildungsmauer Bahnhof,0
at:43:5239,Wilfleinsdorf Bahnhof,1
at:43:5255,Wittmannsdorf Bahnhof,1
at:43:5271,Wolfsthal,0
at:43:5274,Wolkersdorf Bahnhof,0
at:43:5301,Zeiselmauer-Königstetten Bhf.,1
at:43:5303,Zellerndorf Bahnhof,0
at:43:5304,Ziersdorf Bahnhof,0
at:43:5323,Zöbing Bahnhof,0
at:43:5759,Tullnerfeld Bahnhof,0
at:43:6003,Wiener Neustadt Anemonensee,1
at:43:7032,Bad Erlach Bahnhof,0
at:43:7033,Brunn an der Pitten Bahnhof,0
at:43:7034,Pitten Bahnhof,0
at:43:7035,Sautern-Schiltern Bahnhof,1
at:43:7036,Seebenstein Bahnhof,0
at:43:7037,Gleißenfeld Bahnhof,1
at:43:7038,Scheiblingkirchen-Warth,0
at:43:7039,Petersbaumgarten Bahnhof,1
at:43:7040,Edlitz-Grimmenstein Bahnhof,0
at:43:7041,Aspang Markt Bahnhof,0
at:43:7042,Ausschlag-Zöbern Bahnhof,0
at:43:7057,Lanzenkirchen Bahnhof,1
at:43:7091,Bad Fischau-Brunn Bahnhof,0
at:43:7092,Bad Fischau Bahnhof,0
at:43:7093,Feuerwerksanstalt Bahnhof,0
at:43:7094,Wöllersdorf Bahnhof,0
at:43:7096,Dreistetten Bahnhof,1
at:43:7097,Oberpiesting Bahnhof,0
at:43:7098,Wopfing Bahnhof,0
at:43:7099,Waldegg Bahnhof,0
at:43:7100,Oed/Piesting Bahnhof,0
at:43:7101,Miesenbach-Waidmannsf,0
at:43:7102,Pernitz Ortmann Bahnhof,0
at:43:7104,Pernitz-Muggendorf Bahnhof,0
at:43:7105,Gutenstein Bahnhof,0
at:43:7106,Wöllersdorf Marchgraben Bf,1
at:43:7108,Waldegg-Dürnbach Bahnhof,0
at:43:7109,Markt Piesting Bahnhof,0
at:43:7110,Piesting Harzwerk,1
at:43:7112,Winzendorf Bahnhof,1
at:43:7113,Urschendorf Bahnhof,1
at:43:7114,Willendorf Bahnhof,1
at:43:7115,Unterhöflein Bahnhof,1
at:43:7116,Grünbach/Schneeberg Bahnhof,1
at:43:7117,Grünbach/Schneeberg Schule,1
at:43:7118,Grünbach/Schneeberg Kohlenwerk,1
at:43:7119,Rothengrub Bahnhof,1
at:43:7120,Puchberg am Schneeberg Bahnhof,1
at:43:7161,Hötzelsdorf-Geras Bahnhof,0
at:43:7162,Irnfritz Bahnhof,0
at:43:7163,Göpfritz,0
at:43:7164,Allentsteig Bahnhof,0
at:43:7165,Schwarzenau Bahnhof,0
at:43:7166,Vitis Bahnhof,0
at:43:7167,Hirschbach bei Gmünd Bahnhof,0
at:43:7168,Pürbach-Schrems Bahnhof,0
at:43:7169,Gmünd Bahnhof,0
at:43:7211,St. Pantaleon Bahnhof,0
at:43:7222,Prinzersdorf Bahnhof,1
at:43:7223,Markersdorf an der Pielach Bf.,1
at:43:7224,Großsierning Bahnhof,1
at:43:7225,Loosdorf/Melk Bahnhof,1
at:43:7226,Melk Bahnhof,1
at:43:7227,Pöchlarn Bahnhof,1
at:43:7228,Krummnußbaum Bahnhof,1
at:43:7229,Säusenstein Bahnhof,1
at:43:7230,Ybbs/Donau Bahnhof,1
at:43:7231,Neumarkt/Ybbs-Karlsbach Bf.,1
at:43:7233,Blindenmarkt Bahnhof,1
at:43:7234,Amstetten Bahnhof,0
at:43:7235,Mauer-Öhling Bahnhof,1
at:43:7236,Aschbach Bahnhof,1
at:43:7237,Krenstetten-Biberbach Bahnhof,1
at:43:7238,St. Peter-Seitenstetten Bhf.,1
at:43:7239,St. Johann-Weistrach Bahnhof,1
at:43:7241,Stadt Haag Bahnhof,1
at:43:7242,St. Valentin Bahnhof,0
at:43:7243,Ennsdorf Bahnhof,1
at:43:7370,St. Pölten Traisenpark/P+R Nord,1
at:43:7371,St. Pölten Alpenbahnhof-Kaiserwald,1
at:43:7372,St. Pölten Porschestraße,1
at:43:7376,St. Georgen am Steinfelde Bahnhof,1
at:43:7377,Wilhelmsburg/Traisen Bahnhof,1
at:43:7378,Kreisbach Bahnhof,1
at:43:7381,Traisen Bahnhof,1
at:43:7382,Traisen Markt Bahnhof,1
at:43:7383,Marktl Bahnhof,1
at:43:7384,Lilienfeld Bahnhof,1
at:43:7385,Lilienfeld Krankenhaus Bahnhof,1
at:43:7386,Schrambach Bahnhof,1
at:43:7399,Wiesenfeld-Schwarzenbach Bf.,1
at:43:7400,St. Veit an der Gölsen Bahnhof,1
at:43:7401,Rainfeld-Kleinzell Bahnhof,1
at:43:7402,Rohrbach an der Gölsen Bahnhof,1
at:43:7403,Hainfeld Bahnhof,1
at:43:7435,Erlauf Bahnhof,1
at:43:7442,Petzenkirchen Bahnhof,1
at:43:7443,Wieselburg Bahnhof,1
at:43:7444,Mühling Bahnhof,1
at:43:7445,Mühling-Plaika Bahnhof,1
at:43:7446,Schauboden Bahnhof,1
at:43:7447,Purgstall/Erlauf Bahnhof,1
at:43:7448,Sölling Bahnhof,1
at:43:7449,Saffen Bahnhof,1
at:43:7450,Scheibbs Bahnhof,1
at:43:7893,Greinsfurth/Amst. Bahnhof,1
at:43:7894,Ulmerfeld-Hausmening Bahnhof,0
at:43:7895,Kröllendorf Bahnhof,1
at:43:7896,Hilm-Kematen Bahnhof,1
at:43:7897,Rosenau am Sonntagberg Bahnhof,0
at:43:7898,Sonntagberg Bahnhof,1
at:43:7899,Böhlerwerk an der Ybbs Bahnhof,1
at:43:7900,Waidhofen/Ybbs Bahnhof,0
at:43:7901,Waidhofen/Ybbs Stadt,1
at:43:8000,Furth-Göttweig Bahnhof,1
at:43:8001,Furth-Palt Bahnhof,0
at:43:8002,Getzersdorf/Traisen Bahnhof,1
at:43:8003,Herzogenburg Bahnhof,0
at:43:8004,Herzogenburg Stadt,1
at:43:8005,Herzogenburg-Wielandsthal,1
at:43:8008,Oberradlberg Bahnhof,1
at:43:8009,Paudorf Bahnhof,0
at:43:8010,Statzendorf Bahnhof,0
at:43:8011,Unterradlberg Bahnhof,1
at:43:8012,Viehofen Bahnhof,1
at:43:8022,Brunn an der Schneebergbahn Bhf.,1
at:43:8059,Pernitz Wipfelhofstraße/Bf.,0
at:43:8068,Pfennigbach Bahnhof,1
at:43:8074,Pernitz Raimundviertel Bahnhof,0
at:43:8240,Herzograd Bahnhof,0
at:43:8241,Ernsthofen Bahnhof,0
at:43:8242,Dorf an der Enns,1
at:43:8243,Ramingdorf-Haidershofen Bf.,1
at:43:8757,St. Egyden/Stfd Bahnhof,0
at:43:8758,Neunkirchen Bahnhof,0
at:43:8759,Ternitz Bahnhof,0
at:43:8760,Pottschach Bahnhof,0
at:43:8761,Gloggnitz Bahnhof,0
at:43:8762,Schlöglmühl Bahnhof,0
at:43:8763,Payerbach-Reichenau Bahnhof,0
at:43:8764,Küb Bahnhof,1
at:43:8765,Eichberg am Semmering Bahnhof,1
at:43:8766,Klamm-Schottwien Bahnhof,1
at:43:8767,Breitenstein Bahnhof,1
at:43:8768,Wolfsbergkogel Bahnhof,1
at:43:8769,Semmering Bahnhof,0
at:43:99985,Kittsee Tarifpunkt A6/Staatsgrenze,0
at:44:40156,Neumarkt-Kallham Bahnhof,0
at:44:40179,Lengau Bahnhst,0
at:44:40222,Perg Schulzentrum Bahnhst,0
at:44:41016,Leonding Straßfeld Lokalbahn,0
at:44:41027,Linz Pichling,1
at:44:41060,Linz/Donau Franckstraße Bahnhof,0
at:44:41072,Leonding Westbahn Bahnhof,1
at:44:41121,Linz Ebelsberg,0
at:44:41164,Linz/Donau Hauptbahnhof,0
at:44:41224,Linz/Donau Oed Bahnhst,0
at:44:41272,Linz/Donau Urfahr Bahnhof,0
at:44:41298,Linz/Donau Wegscheid Bahnhof,1
at:44:41500,Pasching b.Linz Bahnhst,0
at:44:41501,Hörsching Bahnhst,0
at:44:41570,Oftering Bahnhst,0
at:44:41600,Traun OÖ Bahnhof,0
at:44:41601,St.Martin b.Traun Bahnhst,1
at:44:41602,Ansfelden Bahnhof,1
at:44:41740,Nettingsdorf Bahnhof,1
at:44:41760,Nöstlbach-St.Marien Bahnhst,1
at:44:41761,Neuhofen/Krems Bahnhof,0
at:44:41770,Kematen/Krems-Piberbach Bahnhof,0
at:44:41900,Asten-Fisching,1
at:44:41910,Enns Bahnhof,0
at:44:42046,Wels Hbf (Busterminal),3
at:44:42107,Wels Hauptbahnhof,0
at:44:42146,Wels Lokalbahn Bahnhof,1
at:44:42268,Wels Messe Bahnhof,1
at:44:42300,Marchtrenk Bahnhof,0
at:44:42390,Kremsmünster Bahnhof,0
at:44:42410,Schauersberg Bahnhst,1
at:44:42411,Steinhaus b.Wels Bahnhst,1
at:44:42412,Oberhart b.Steinhaus Bahnhst,1
at:44:42430,Unterhart b.Sattledt Bahnhst,1
at:44:42431,Sattledt Bahnhof,1
at:44:42451,Großendorf Bahnhst,1
at:44:42452,Wiesmühle b.Sattledt Bahnhst,1
at:44:42453,Voitsdorf Bahnhst,1
at:44:42750,Gunskirchen Bahnhof,0
at:44:42790,Lambach OÖ Bahnhof,0
at:44:42791,Lambach OÖ Markt Bahnhst,0
at:44:42850,Neukirchen b.Lambach Bahnhst,0
at:44:42940,Haiding Bahnhof,0
at:44:43005,Steyr,0
at:44:43133,Steyr-Münichholz,0
at:44:43450,Rohr-Bad Hall Bahnhof,0
at:44:43500,Kirchdorf/Krems Bahnhof,0
at:44:43510,Micheldorf in OÖ Bahnhof,0
at:44:43520,Schlierbach/Krems Bahnhof,0
at:44:43530,Nußbach Bahnhst,1
at:44:43540,Wartberg/Krems Bahnhof,0
at:44:43589,Klaus/Pyhrnbahn Bahnhof,0
at:44:43615,Steyrling Bahnhof,0
at:44:43620,Hinterstoder Bahnhof,0
at:44:43640,Roßleithen Bahnhst,0
at:44:43649,Windischgarsten Bahnhof,0
at:44:43660,Spital am Pyhrn Bahnhof,0
at:44:43790,Steinbachbrücke Bahnhst,1
at:44:43835,Pettenbach OÖ Bahnhof,1
at:44:43839,Pettenbach OÖ Diensthubersiedlung Bahnhst,1
at:44:43860,Wilfling Bahnhst,1
at:44:43900,Garsten Bahnhof,0
at:44:43934,Lahrndorf b.Garsten Bahnhof,0
at:44:43940,Dürnbach/Enns Bahnhst,0
at:44:43941,Ternberg,0
at:44:43950,Trattenbach/Enns Bahnhst,0
at:44:43960,Losenstein,0
at:44:43981,Reichraming Bahnhof,0
at:44:44000,Puchenau Bahnhst,1
at:44:44001,Puchenau West Bahnhst,0
at:44:44002,Dürnberg b.Ottensheim Bahnhof,1
at:44:44003,Ottensheim Bahnhof,0
at:44:44009,Achleitnersiedlung Bahnhst,1
at:44:44020,Walding b.Linz Bahnhst,0
at:44:44040,Rottenegg Bahnhof,0
at:44:44050,Lacken im Mühlkreis Bahnhst,0
at:44:44052,Gerling OÖ Bahnhst,0
at:44:44350,Steyregg Bahnhof,1
at:44:44351,Pulgarn Bahnhst,1
at:44:44360,St.Georgen/Gusen Bahnhof,1
at:44:44361,St.Georgen/Gusen Ort Bahnhst,0
at:44:44410,Mauthausen OÖ Bahnhof,0
at:44:44450,Lungitz/Gusen Bahnhof,0
at:44:44470,Katsdorf Bahnhst,1
at:44:44471,Gaisbach-Wartberg Bahnhof,1
at:44:44472,Schloss Haus Bahnhst,1
at:44:44500,Perg Bahnhof,0
at:44:44550,Aisthofen,0
at:44:44551,Schwertberg Bahnhof,0
at:44:44850,Arbing,0
at:44:44870,Dornach,0
at:44:44880,Grein-Bad Kreuzen Bahnhof,0
at:44:44881,Grein Stadt Bahnhof,0
at:44:44900,St.Nikola-Struden Bahnhst,0
at:44:44960,Baumgartenberg Bahnhst,0
at:44:44961,Saxen Bahnhof,0
at:44:45000,Freistadt Bahnhof,0
at:44:45090,Pregarten Bahnhof,0
at:44:45260,Summerau Bahnhof,0
at:44:45450,Kefermarkt Bahnhof,0
at:44:45500,Rohrbach-Berg Bahnhof,0
at:44:45530,Oepping Bahnhst,0
at:44:45550,Haslach/Mühl Bahnhst,0
at:44:45680,Iglmühle Bahnhst,0
at:44:45750,Neufelden Bahnhof,0
at:44:45765,Kleinzell im Mühlkreis Bahnhst,0
at:44:45780,Neuhaus-Niederwaldkirchen Bahnhst,0
at:44:46009,Pinsdorf Bahnhst,0
at:44:46010,Gmunden Bahnhof,0
at:44:46011,Altmünster/Traunsee Bahnhof,0
at:44:46320,Viechtwang Bahnhst,1
at:44:46321,Scharnstein-Mühldorf Bahnhof,1
at:44:46322,Kothmühle Bahnhst,1
at:44:46323,Traxenbichl Bahnhst,1
at:44:46340,Grünau im Almtal Bahnhof,1
at:44:46406,Traunkirchen Bahnhof,0
at:44:46430,Traunkirchen Ort Bahnhof,0
at:44:46440,Ebensee Landungsplatz,0
at:44:46441,Ebensee Bahnhof,0
at:44:46470,Steinkogel Bahnhst,0
at:44:46500,Bad Ischl Bahnhof,0
at:44:46534,Lauffen b.Bad Ischl Bahnhst,0
at:44:46570,Bad Goisern Jodschwefelbad Bahnhst,0
at:44:46571,Bad Goisern Bahnhof,0
at:44:46580,Steeg-Gosau Bahnhof,0
at:44:46630,Obersee OÖ Bahnhst,0
at:44:46631,Hallstatt Bahnhst,0
at:44:46640,Obertraun-Dachsteinhöhlen Bahnhof,0
at:44:46790,Aurachkirchen Bahnhof,0
at:44:46900,Oberland OÖ Bahnhof,1
at:44:46910,Großraming Bahnhof,0
at:44:46930,Küpfern Bahnhst,0
at:44:46940,Kastenreith Bahnhst,0
at:44:46942,Weyer/Enns Bahnhof,1
at:44:46950,Kleinreifling Bahnhof,0
at:44:46960,Gaflenz Bahnhst,1
at:44:47000,Vöcklabruck Bahnhof,0
at:44:47060,Oberthalheim-Timelkam Bahnhst,1
at:44:47120,Ottnang-Wolfsegg Bahnhof,1
at:44:47130,Bergern am Hausruck Bahnhst,1
at:44:47150,Schwanenstadt Bahnhof,0
at:44:47151,Breitenschützing Bahnhof,1
at:44:47200,Attnang-Puchheim Bahnhof,0
at:44:47230,Lehen-Altensam Bahnhst,1
at:44:47250,Wankham b.Attnang Bahnhst,0
at:44:47270,Lenzing OÖ Bahnhof,0
at:44:47271,Lenzing OÖ Ort Bahnhst,1
at:44:47300,Siebenmühlen-Rosenau Bahnhst,1
at:44:47301,Kammer-Schörfling Bahnhst,0
at:44:47510,Grieskirchen-Gallspach Bahnhof,0
at:44:47511,Schlüßlberg Bahnhof,0
at:44:47650,Obertrattnach-Markt Hofkirchen Bahnhst,0
at:44:47750,Bad Schallerbach-Wallern Bahnhof,0
at:44:47795,Kimpling Bahnhst,0
at:44:47800,Timelkam Bahnhof,0
at:44:47840,Neukirchen-Gampern Bahnhst,0
at:44:47841,Redl-Zipf Bahnhst,0
at:44:47860,Vöcklamarkt Bahnhof,0
at:44:47870,Frankenmarkt Bahnhof,0
at:44:47880,Pöndorf Bahnhof,0
at:44:47901,Oberhofen-Zell am Moos Bahnhst,0
at:44:47980,Wolfshütte Bahnhst,1
at:44:48000,Ried im Innkreis Bahnhof,0
at:44:48050,Bad Ried Bahnhst,1
at:44:48060,Oberbrunn im Innkreis Bahnhst,1
at:44:48080,Neuratting Bahnhst,1
at:44:48081,Gurten OÖ Bahnhst,0
at:44:48101,Aurolzmünster Bahnhst,1
at:44:48140,St.Martin im Innkreis Bahnhof,1
at:44:48141,Hart im Innkreis Bahnhst,1
at:44:48170,Kumpfmühl Bahnhof,0
at:44:48171,Riedau Bahnhof,0
at:44:48190,Peterskirchen Bahnhof,0
at:44:48201,Pram-Haag Bahnhof,0
at:44:48210,Wendling b.Haag Bahnhof,0
at:44:48300,Eberschwang Bahnhof,1
at:44:48310,Hausruck Bahnhof,1
at:44:48315,Schalchen-Mattighofen Bahnhst,0
at:44:48320,Holzleithen am Hausruck Bahnhst,1
at:44:48500,Schärding Bahnhof,0
at:44:48530,Wernstein/Inn Bahnhof,0
at:44:48531,Gopperding Bahnhst,1
at:44:48790,Taufkirchen/Pram Bahnhof,0
at:44:48800,Andorf Bahnhof,0
at:44:48880,Zell/Pram Bahnhof,0
at:44:48900,Suben Bahnhof,1
at:44:48920,Dietrichshofen Bahnhst,1
at:44:48930,Antiesenhofen Bahnhof,1
at:44:49000,Braunau/Inn Bahnhof,0
at:44:49100,Hagenau im Innkreis Bahnhst,1
at:44:49110,Mining Bahnhof,0
at:44:49120,Mühlheim/Inn Bahnhst,1
at:44:49130,Obernberg-Altheim Bahnhof,0
at:44:49131,Geinberg Bahnhst,0
at:44:49190,St.Georgen/Mattig Bahnhof,0
at:44:49210,Mauerkirchen Bahnhof,0
at:44:49220,Uttendorf-Helpfau Bahnhof,0
at:44:49250,Furth b.Mattighofen Bahnhst,0
at:44:49320,Achenlohe Bahnhst,0
at:44:49330,Teichstätt Bahnhof,0
at:44:49331,Friedburg Bahnhof,0
at:44:49650,Mattighofen Bahnhof,0
at:44:49666,Munderfing Bahnhof,0
at:44:49759,Lasberg-St.Oswald Bahnhst,0
at:44:49841,Schlägl Bahnhst,0
at:44:49844,Aigen-Schlägl Bahnhof,0
at:45:50002,Salzburg Hauptbahnhof 7,0
at:45:50034,Salzburg Liefering S-Bahn 1,0
at:45:50209,Wallersee S-Bahn 1,1
at:45:50210,Köstendorf Weng S-Bahn 1,1
at:45:50230,Eugendorf S-Bahn 2,1
at:45:50253,Salzburg Kasern S-Bahn 1,1
at:45:50254,Hallwang-Elixhausen S-Bahn 1,1
at:45:50273,Neumarkt Bahnhof 1,0
at:45:50281,Steindorf Bahnhof 1,0
at:45:50290,Straßwalchen Bahnhof 1,0
at:45:50456,Salzburg Parsch S-Bahn 1,1
at:45:50457,Salzburg Aigen S-Bahn 2,1
at:45:50458,Salzburg-Süd S-Bahn 1,0
at:45:50470,Elsbethen S-Bahn 2,1
at:45:50475,Puch S-Bahn 2,1
at:45:50489,Oberalm 1,1
at:45:50494,Hallein Bahnhof 2,0
at:45:50500,Hallein Burgfried S-Bahn 1,1
at:45:50578,Kuchl Garnei S-Bahn 1,1
at:45:50580,Kuchl S-Bahn 1,0
at:45:50591,Golling-Abtenau Bahnhof 3,0
at:45:50861,Salzburg Sam S-Bahn 1,1
at:45:51023,Salzburg Mülln-Altstadt S-Bahn 2,0
at:45:51024,Salzburg Aiglhof S-Bahn 2,0
at:45:52011,Hüttau Bahnhof 2,1
at:45:52099,Bischofshofen Bahnhof 4,0
at:45:52106,Pöham Bahnhof 1,1
at:45:52114,Radstadt Bahnhof 1,0
at:45:52183,Altenmarkt Bahnhof 1,1
at:45:52189,Eschenau Bahnhof 1,1
at:45:52191,Lend Bahnhof 2,0
at:45:52192,Mitterberghütten Bahnhof 1,1
at:45:52197,Schwarzach-St.Veit Bahnhof 1,0
at:45:52199,Dorfgastein Bahnhof 1,0
at:45:52201,Bad Hofgastein Bahnhof 1,0
at:45:52204,Bad Gastein Bahnhof 2,0
at:45:52210,Tenneck Bahnhof 1,1
at:45:52343,Eben Bahnhof 1,1
at:45:52385,St.Johann Bahnhof 3,0
at:45:52418,Mandling Bahnhof 1,1
at:45:52428,Pfarrwerfen Bahnhof 2,1
at:45:52434,Werfen Bahnhof 2,0
at:45:52495,Niedernfritz-St.Martin Bahnhof 1,1
at:45:54001,Saalfelden Bahnhof 2,0
at:45:54104,Zell am See Bahnhof 3,0
at:45:54179,Bruck-Fusch Bahnhof 1,0
at:45:54180,Taxenbach-Rauris Bahnhof 1,0
at:45:54252,Leogang Steinberge Bahnhof 1,0
at:45:54253,Maishofen-Saalbach Bahnhof 1,1
at:45:54276,Leogang Bahnhof 1,0
at:45:56183,Seekirchen Bahnhof 1,0
at:45:56199,Bad Vigaun S-Bahn 2,1
at:45:56483,Straßwalchen West,0
at:45:56533,Salzburg Gnigl S-Bahn 1,1
at:45:56656,Puch Urstein (FH) 2,1
at:45:56702,Salzburg Taxham Europark S-Bahn 1,0
at:45:56900,Gries Bahnhof 1,1
at:45:56901,Gerling Bahnhof 2,1
at:46:1034,Studenzen-Fladnitz,0
at:46:1745,Pernegg Bahnhof 2,0
at:46:1746,Flughafen Graz-Feldkirchen Bahnhof,1
at:46:1747,Werndorf Bahnhof,1
at:46:1748,Wildon Bahnhof,1
at:46:1749,Lebring Bahnhof,1
at:46:1751,Lichendorf Bahnhof,1
at:46:1752,Weitersfeld an der Mur Bahnhof,1
at:46:1753,Mureck Bahnhof,1
at:46:1756,Purkla Bahnhof,1
at:46:1757,Halbenrain Bahnhof,1
at:46:1758,Judendorf-Straßengel Bahnhof 2,0
at:46:1759,Stübing Bahnhof 1,0
at:46:1760,Peggau-Deutschfeistritz Bahnhof 2,0
at:46:1761,Laßnitzhöhe 2,0
at:46:1762,Takern-St.Margarethen Bahnhof,0
at:46:1764,Rohr Haltestelle,0
at:46:1765,Gniebing,0
at:46:1766,Lödersdorf,0
at:46:1767,Hohenbrugg an der Raab,0
at:46:1768,Hatzendorf Bahnhof,0
at:46:1770,Söchau Bahnhof,0
at:46:1771,Übersbach Bahnhof,0
at:46:1772,Bierbaum/Safen Bahnhof,0
at:46:1774,Bad Waltersdorf Bahnhof,0
at:46:1775,Sebersdorf Bahnhof,0
at:46:1794,Kalsdorf Bahnhof,1
at:46:1827,Leibnitz Bahnhof,0
at:46:1839,Spielfeld-Straß Bahnhof,0
at:46:1858,Gosdorf Bahnhof,1
at:46:1891,Bad Radkersburg Bahnhof,1
at:46:1923,Feldbach 3,0
at:46:1960,Fehring,0
at:46:1982,Fürstenfeld Bahnhof,0
at:46:2022,Hartberg Bahnhof,0
at:46:2042,Frohnleiten Bahnhof 2,0
at:46:2051,Mixnitz-Bärenschützklamm Bahnhof 1,0
at:46:2065,Bruck/Mur Bahnhof 1,0
at:46:2244,Laßnitzthal 1,1
at:46:2735,Bad Blumau Bahnhof,0
at:46:28,Gleisdorf 2,0
at:46:3038,Graz Ostbahnhof 2,0
at:46:3039,Raaba 1,0
at:46:3040,Graz Hbf 5,0
at:46:30454,Leoben Lerchenfeld Bahnhof,0
at:46:3747,Graz Liebenau Murpark 1,0
at:46:3918,Kaindorf Bahnhof,0
at:46:4279,Graz Puntigam Bahnhof,0
at:46:4498,Graz Don Bosco Bahnhof 1,0
at:46:5205,St.Johann in der Haide Bahnhof,0
at:46:5211,Grafendorf Bahnhof,0
at:46:5230,Rohrbach-Vorau Bahnhof,0
at:46:525,Gratwein-Gratkorn Bahnhof 2,0
at:46:5511,Unzmarkt Bahnhof 3,0
at:46:6092,Kapfenberg Bahnhof A/B,0
at:46:6154,St.Marein Ort,3
at:46:6155,St.Marein-St.Lorenzen Bahnhof,0
at:46:6208,Leoben Fichtlplatz,3
at:46:6216,Niklasdorf Proleber Straße,3
at:46:6310,Mürzhofen Gemeindeamt,3
at:46:6313,Kindberg Bahnhof,0
at:46:6344,Leoben Hauptbahnhof A,0
at:46:6539,Krieglach Bahnhof,0
at:46:6589,Hieflau Bahnhof,0
at:46:6635,Wartberg Bahnhof/Landesstraße,3
at:46:6650,Langenwang Ortsmitte,3
at:46:6750,St.Michael Bahnhof,0
at:46:6770,Mautern Bahnhof,0
at:46:6793,Admont Bahnhof,0
at:46:6802,Gstatterboden Bahnhof,0
at:46:6892,Stainach-Irdning Bahnhof,0
at:46:6938,Selzthal Bahnhof,0
at:46:6947,Rottenmann Bahnhof,0
at:46:7024,Gröbming Bahnhof,1
at:46:7063,Bad Aussee Bahnhof,0
at:46:7112,Tauplitz Bahnhof,0
at:46:7189,Haus Bahnhof,1
at:46:7208,Schladming Bahnhof,0
at:46:7316,Bad Mitterndorf Bahnhof,0
at:46:7420,Kapfenberg Fachhochschule,0
at:46:7421,Allerheiligen-Mürzhofen Bahnhof,1
at:46:7422,Wartberg Bahnhof,0
at:46:7423,Mitterdorf-Veitsch Bahnhof,0
at:46:7424,Langenwang Bahnhof,1
at:46:7426,Mürzzuschlag Bahnhof,0
at:46:7427,Spital am Semmering Bahnhof,1
at:46:7428,Steinhaus Bahnhof,1
at:46:7431,Kammern Bahnhof,0
at:46:7432,Kalwang Bahnhof,0
at:46:7433,Wald am Schoberpaß Bahnhof,0
at:46:7435,Gaishorn Bahnhof,0
at:46:7436,Trieben Bahnhof,0
at:46:7437,Liezen Bahnhof 1,0
at:46:7438,Wörschach Schwefelbad Bahnhof,1
at:46:7441,Niederöblarn Bahnhof,1
at:46:7442,Öblarn Bahnhof,1
at:46:7443,Stein an der Enns Bahnhof,1
at:46:7444,Pruggern Bahnhof,1
at:46:7445,Aich-Assach Bahnhof,1
at:46:7447,Pichl bei Schladming Bahnhof,1
at:46:7449,Ardning Bahnhof,0
at:46:7452,Johnsbach Bahnhof,0
at:46:7456,Weißenbach-St.Gallen Bahnhof,0
at:46:7461,Niklasdorf Bahnhof 2,0
at:46:7463,Kraubath an der Mur Bahnhof,0
at:46:7465,Fentsch-St.Lorenzen Bahnhof,0
at:46:7466,Knittelfeld Bahnhof,0
at:46:7468,Zeltweg Bahnhof,0
at:46:7469,Judenburg Bahnhof,0
at:46:7470,Thalheim-Pöls Bahnhof,0
at:46:7471,St.Georgen ob Judenburg Bahnhof,0
at:46:7472,Scheifling Bahnhof,0
at:46:7473,Mariahof-St.Lambrecht Bahnhof,0
at:46:7474,Neumarkt Bahnhof,0
at:46:7510,Pürgg Bahnhof,0
at:46:7512,Bad Mitterndorf-Heilbrunn Bahnhof,0
at:46:7513,Kainisch Bahnhof,0
at:46:7514,Kulm Schiflugschanze Bahnhof,0
at:46:7542,Dechantskirchen Bahnhof,0
at:46:7543,Friedberg,0
at:46:7547,Pinggau Markt Bahnhof,0
at:46:7548,Tauchen-Schaueregg Bahnhof,0
at:46:76,Ehrenhausen Bahnhof,0
at:46:942,Feldkirchen-Seiersberg Bahnhof,1
at:46:977,Hart b.Graz Bahnhof 1,0
at:47:1150,Lienz-Peggetz Bahnhof,1
at:47:1153,Hochfilzen Bahnhof,0
at:47:1154,Pfaffenschwendt Bahnhof,1
at:47:1155,Fieberbrunn Bahnhof,0
at:47:1156,St. Johann i. T. Grieswirt Bahnhof,1
at:47:1157,St. Johann i. T. Bahnhof,0
at:47:1159,Oberndorf in Tirol,1
at:47:1160,Kitzbühel Bahnhof,0
at:47:1161,Kitzbühel Hahnenkamm Bahnhof,0
at:47:1162,Kitzbühel Schwarzsee Bahnhof,1
at:47:1163,Kirchberg i. T. Bahnhof,0
at:47:1164,Brixen i. Th. Bahnhof,0
at:47:1165,Westendorf Bahnhof,0
at:47:1166,Windau Bahnhof,1
at:47:1167,Hopfgarten i. Br. Berglift Bahnhof,0
at:47:1168,Hopfgarten i. Br. Bahnhof,0
at:47:1169,Wörgl Süd-Bruckhäusl Bahnhof,1
at:47:1170,Wörgl Hbf,0
at:47:1172,Kundl Bahnhof,0
at:47:1173,Rattenberg-Kramsach Bahnhof 1,0
at:47:1174,Brixlegg Bahnhof,0
at:47:1175,Münster-Wiesing Bahnhof,0
at:47:1178,Stans Bahnhof,1
at:47:1179,Schwaz Bahnhof,0
at:47:1180,Pill-Vomperbach Bahnhof,1
at:47:1181,Terfens-Weer Bahnhof,1
at:47:1182,Fritzens-Wattens Bahnhof,1
at:47:1183,Volders-Baumkirchen Bahnhof,1
at:47:1184,Hall in Tirol Bahnhof,0
at:47:1186,Rum Bahnhof,0
at:47:1187,Innsbruck Hauptbahnhof,0
at:47:1189,Innsbruck Westbahnhof,0
at:47:1191,Völs Bahnhof,0
at:47:1192,Kematen i. T. Bahnhof,0
at:47:1193,Oberhofen i. I. Bahnhof,1
at:47:1194,Zirl Bahnhof,0
at:47:1195,Inzing Bahnhof,1
at:47:1196,Hatting Bahnhof,1
at:47:1197,Flaurling Bahnhof,1
at:47:1198,Telfs-Pfaffenhofen Bahnhof,0
at:47:1199,Rietz Bahnhof,0
at:47:1200,Stams Bahnhof,0
at:47:1201,Mötz Bahnhof,0
at:47:1202,Silz Bahnhof,0
at:47:1203,Haiming Bahnhof,0
at:47:1204,Ötztal-Bahnhof,0
at:47:1205,Roppen Bahnhof,0
at:47:1206,Imst-Pitztal Bahnhof,0
at:47:1209,Imsterberg Bahnhof,0
at:47:1210,Schönwies Bahnhof,0
at:47:1212,Landeck-Zams Bahnhof,0
at:47:1222,St. Anton a. A. Bahnhof,0
at:47:211,Innsbruck Messe Bahnhof,0
at:47:2181,Kirchbichl Bahnhof,0
at:47:2183,Schaftenau Bahnhof,0
at:47:2184,Kufstein Bahnhof,0
at:47:2221,Innsbruck Hötting Bahnhof,1
at:47:2222,Innsbruck Allerheiligenhöfe Bahnhof,1
at:47:2223,Kranebitten Bahnhof,1
at:47:2225,Hochzirl Bahnhof,1
at:47:2226,Leithen Bahnhof,1
at:47:2227,Reith b. S. Bahnhof,1
at:47:2228,Seefeld i. T. Bahnhof,1
at:47:2230,Gießenbach Bahnhof,1
at:47:2231,Scharnitz Bahnhof,1
at:47:2263,Matrei a. Br. Bahnhof,0
at:47:2264,Steinach a. Br. Bahnhof,0
at:47:2265,St. Jodok a. Br. Bahnhof,1
at:47:2266,Gries a. Br. Bahnhof,1
at:47:294,Hall-Thaur Bahnhof,1
at:47:3871,Nikolsdorf Bahnhof,1
at:47:3872,Dölsach Bahnhof,1
at:47:3873,Lienz Bahnhof,0
at:47:3875,Thal Bahnhof,1
at:47:3876,Mittewald Bahnhof,1
at:47:3877,Abfaltersbach Bahnhof,1
at:47:3878,Tassenbach Bahnhof,1
at:47:3879,Sillian Bahnhof,0
at:47:3880,Weitlanbrunn Bahnhof,1
at:47:3881,Heinfels Bahnhof,1
at:47:61321,Jenbach Bahnhof,0
at:48:1029,Götzis Bahnhof,0
at:48:1098,Hard-Fussach Bahnhof,1
at:48:1099,Dornbirn Haselstauden Bahnhof,1
at:48:1133,Hohenems Bahnhof,0
at:48:1184,Klaus Bahnhof,1
at:48:1226,Langen a. A. Bahnhof,0
at:48:1252,Lauterach Bahnhof,1
at:48:130,Bludenz Bahnhof,0
at:48:1303,Lorüns Bahnhof,1
at:48:1305,Ludesch Bahnhof,0
at:48:1313,Lustenau Bahnhof,1
at:48:134,Schruns Bahnhof,1
at:48:1377,Nenzing Bahnhof,0
at:48:139,Kaltenbrunnen Bahnhof,1
at:48:1405,Nüziders Bahnhof,0
at:48:1436,Rankweil Bahnhof,0
at:48:146,Schwarzach Bahnhof,1
at:48:1679,Schlins Bahnhof,1
at:48:187,St. Anton im Montafon Bahnhof,1
at:48:233,Sulz-Röthis Bahnhof,1
at:48:2383,Lauterach Unterfeld Bahnhof,1
at:48:276,Tisis Bahnhof,1
at:48:326,Vandans Bahnhof,1
at:48:356,Wolfurt Bahnhof,1
at:48:394,Altach Bahnhof,1
at:48:413,Bludenz Moos Bahnhof,1
at:48:452,Bregenz Bahnhof,0
at:48:454,Bregenz Riedenburg Bahnhof,0
at:48:466,Bregenz Hafen Bahnhof,0
at:48:511,Bludenz Brunnenfeld Bahnhof,1
at:48:567,Altenstadt Bahnhof,1
at:48:585,Dornbirn Bahnhof,0
at:48:628,Dornbirn Hatlerdorf Bahnhof,1
at:48:738,Dornbirn Schoren Bahnhof,1
at:48:817,Feldkirch Bahnhof,0
at:48:847,Feldkirch Amberg Bahnhof,1
at:48:868,Frastanz Bahnhof,0
at:48:889,Lochau Bahnhof,0
at:48:892,Tschagguns Bahnhof,1
at:48:975,Gisingen Bahnhof,1
at:49:1003,Wien Penzing,1
at:49:1015,Wien Meidling,0
at:49:1040,Wien Praterstern,0
at:49:1062,Wien Spittelau,0
at:49:1091,Wien Rennweg,0
at:49:1248,Wien Siemensstraße,0
at:49:1257,Wien Grillgasse,0
at:49:1260,Wien Simmering,0
at:49:1295,Wien Speising,1
at:49:1299,Wien Stadlau,0
at:49:1301,Wien Praterkai,1
at:49:1333,Wien Strebersdorf,1
at:49:1346,Wien Quartier Belvedere,0
at:49:1349,Wien Hauptbahnhof,0
at:49:1357,Wien Süßenbrunn,0
at:49:1385,Wien Traisengasse,0
at:49:1425,Wien St. Marx,1
at:49:1458,Wien Weidlingau Bahnhof,1
at:49:1468,Wien Westbahnhof,0
at:49:1482,Wien Wolf in der Au,1
at:49:1519,Wien Zentralfriedhof,1
at:49:166,Wien Breitensee,1
at:49:1705,Wien Handelskai,0
at:49:176,Wien Brünner Straße,0
at:49:1780,Wien Kaiserebersdorf,0
at:49:288,Wien Erzherzog-Karl-Straße,0
at:49:334,Wien Floridsdorf,0
at:49:345,Wien Franz-Josefs-Bahnhof,0
at:49:393,Wien Gersthof,1
at:49:460,Wien Hadersdorf,1
at:49:465,Wien Haidestraße,1
at:49:484,Wien Geiselbergstraße,1
at:49:491,Wien Heiligenstadt,0
at:49:505,Wien Hernals,1
at:49:511,Wien Hetzendorf,1
at:49:532,Wien Hirschstetten,1
at:49:560,Wien Hütteldorf,0
at:49:582,Wien Blumental,1
at:49:591,Wien Jedlersdorf,0
at:49:723,Wien Krottenbachstraße,1
at:49:743,Wien Mitte-Landstraße,0
at:49:769,Wien Leopoldau,0
at:49:788,Wien Liesing,0
at:49:849,Wien Matzleinsdorfer Platz,0
at:49:910,Wien Aspern Nord,0
at:49:94,Wien Atzgersdorf,1
at:49:948,Wien Nußdorf,1
at:49:959,Wien Oberdöbling,1
at:49:981,Wien Ottakring,1
