stop_id,stop_name,stop_lat,stop_lon,count
at:41:3087,Bad Sauerbrunn Bahnhof,47.7738701730191,16.324886031214,46
at:41:3145,Baumgarten-Schattendorf Bahnhof,47.7275139949144,16.5182573793005,39
at:41:3186,Breitenbrunn Bahnhof,47.9412290178053,16.7463845457344,41
at:41:3294,Deutschkreutz Bahnhof,47.6038268528795,16.6200544673111,46
at:41:3298,Donnerskirchen Bahnhof,47.8885710090209,16.6604157730322,41
at:41:3303,Draßburg Bahnhof,47.747831237274,16.4947754177703,39
at:41:3351,Eisenstadt Bahnhof,47.839453163772,16.5293515730609,67
at:41:3443,Frauenkirchen Bahnhof,47.8397727307877,16.9158517241071,34
at:41:3490,Eisenstadt Schule,47.8438726612536,16.536699792086,59
at:41:3531,Gols Bahnhof,47.8919021043317,16.9046407493598,34
at:41:3831,Jois Bahnhof,47.9566742664362,16.7907703039289,41
at:41:4109,Loipersbach-Schattendorf Bhf.,47.7006356966254,16.4920355561534,43
at:41:4176,Marz-Rohrbach Bahnhof,47.7174581663292,16.428937890588,43
at:41:4177,Mattersburg Bahnhof,47.7356950096445,16.4089503755136,56
at:41:4227,Müllendorf Bahnhof,47.834255401235,16.4596872227677,41
at:41:4309,Mönchhof-Halbturn Bahnhof,47.8740695141256,16.9480832765058,34
at:41:4325,Neudörfl Bahnhof,47.7938977544503,16.3004159228712,46
at:41:4327,Neufeld an der Leitha Bahnhof,47.8684051775141,16.381273281606,41
at:41:4348,Neusiedl am See Bad Bahnhof,47.9426913096469,16.8449746481802,34
at:41:4351,Neusiedl am See Bahnhof,47.955856090913,16.824007969446,79
at:41:4367,Nickelsdorf Bahnhof,47.9425649403799,17.0866663754062,36
at:41:4464,Pamhagen Bahnhof,47.7043294888001,16.9037873498397,41
at:41:4469,Parndorf Bahnhof,47.9869977773654,16.8708910441307,56
at:41:4473,Parndorf Ort Bahnhof,47.9921982563068,16.8517299791178,132
at:41:4592,Purbach am Neusiedler See Bf.,47.9062420403619,16.6985223073898,41
at:41:4731,Schützen am Gebirge Haltestelle,47.8515591575304,16.630492890914,41
at:41:4732,Schützen am Gebirge Bahnhof,47.8482375251844,16.6192639498609,41
at:41:4821,St. Andrä am Zicksee Bahnhof,47.7825931996072,16.92805982882,35
at:41:5143,Wallern im Bgld Bahnhof,47.7337979020785,16.9305212126988,33
at:41:5157,Weiden am See Bahnhof,47.9257671141044,16.8638482523022,34
at:41:5233,Wiesen-Sigleß Bahnhof,47.7531463642883,16.3700712900115,46
at:41:5248,Winden am See Bahnhof,47.9469997150699,16.7589609597138,41
at:41:5286,Wulkaprodersdorf Bahnhof,47.789413647049,16.4905892685458,80
at:41:5288,Wulkaprodersdorf Haltestelle,47.7991840381813,16.4965450988803,39
at:41:5312,Zurndorf Bahnhof,47.9681574364806,17.0239280359546,31
at:41:5969,Neudorf,48.008908385848,16.9384174040474,24
at:41:5970,Gattendorf Bahnhof,48.0106452074367,16.9808448349222,24
at:41:5971,Pama Bahnhof,48.0420721684907,17.0413463693161,23
at:41:5972,Kittsee Bahnhof,48.0815164687755,17.0714938302553,23
at:41:5980,Mattersburg Nord Bhf.,47.7414463273451,16.4025094549256,46
at:41:7075,Jennersdorf Bahnhof,46.9350437757133,16.1389796831396,25
at:41:7455,Mogersdorf Bahnhof,46.9455072546069,16.2293232512761,25
at:42:2121,Mallnitz-Obervellach Bahnhof,46.98108985089,13.1762819767839,31
at:42:2125,Kolbnitz Bahnhof,46.8788581111353,13.3206142935035,4
at:42:2126,Mühldorf-Möllbrücke Bahnhst,46.8515019211913,13.3668146485722,4
at:42:2127,Pusarnitz Bahnhof,46.8351331367142,13.4044810084406,4
at:42:2128,Spittal-Millstätter See Bahnhof,46.7962557337978,13.487359576565,129
at:42:2130,Rothenthurn Bahnhof,46.7595164800127,13.5824911651665,79
at:42:2131,Ferndorf Bahnhst,46.7324320025529,13.629446105074,79
at:42:2132,Markt Paternion Bahnhst,46.7245688006156,13.6438460990804,79
at:42:2133,Paternion-Feistritz Bahnhst,46.7070525855435,13.6743528861333,84
at:42:2134,Weissenstein-Kellerberg Bahnhst,46.6794117238044,13.720328662381,79
at:42:2136,Puch b.Villach Bahnhst,46.6630275614128,13.7603845409055,80
at:42:2137,Gödersdorf Bahnhst,46.5685338729107,13.847476207713,9
at:42:2138,Finkenstein Bahnhst,46.5688179587691,13.8684518696001,9
at:42:2139,Faak am See Bahnhof,46.5643094641601,13.911957278816,14
at:42:2143,Rosenbach Bahnhof,46.5304343692453,14.0350713885218,9
at:42:2149,Ledenitzen Bahnhst,46.5628580197273,13.9659280610934,9
at:42:3625,Friesach Bahnhof,46.9533136648543,14.4106839583229,96
at:42:3626,Micheldorf-Hirt Bahnhst,46.9140247743941,14.4316506370572,37
at:42:3627,Treibach-Althofen,46.8681666574154,14.4655081401204,91
at:42:3628,Kappel am Krappfeld Bahnhst,46.837425312588,14.4758207995835,53
at:42:3629,Passering Bahnhst,46.8067094108657,14.4699278513189,53
at:42:3631,Launsdorf-Hochosterwitz Bahnhof,46.768906691072,14.4556715877579,55
at:42:3632,St. Georgen am Längsee Bahnhst,46.7618241868455,14.4231795239268,52
at:42:3633,St. Veit an der Glan Bahnhof,46.7707894590548,14.3669719365916,114
at:42:3636,Glandorf Bahnhst,46.7506108820189,14.3811563349298,71
at:42:3639,Maria Saal Bahnhof,46.6831772832799,14.3399146802301,74
at:42:3640,Klagenfurt Annabichl Bahnhst,46.6500116197395,14.3151930436077,72
at:42:3641,Klagenfurt Ostbahnhof g2,46.621323565271,14.3220831218379,73
at:42:3642,Klagenfurt Hauptbahnhof,46.6158074986651,14.3136659076245,194
at:42:3643,Klagenfurt West Bahnhst,46.6229215153809,14.2667289340227,88
at:42:3645,Klagenfurt Lend Bahnhst,46.6213976026115,14.2843359135939,86
at:42:3646,Krumpendorf Bahnhof,46.6262221510254,14.2211304501945,112
at:42:3647,Pritschitz Bahnhst,46.6278076184633,14.1712020866962,80
at:42:3648,Pörtschach Bahnhof g1,46.6362338761419,14.1458067136106,126
at:42:3649,Töschling Bahnhst,46.6332237677966,14.1115090360581,80
at:42:3650,Velden am Wörthersee Bahnhof,46.6199847058943,14.0448270925086,130
at:42:3651,Lind-Rosegg Bahnhst,46.6062240022682,14.000962357179,83
at:42:3652,Föderlach Bahnhof,46.6020704214706,13.9590379828633,85
at:42:3653,Villach Seebach Bahnhst,46.6210459243424,13.8733117552878,83
at:42:3654,Villach Hauptbahnhof,46.6185409218168,13.8489045290149,236
at:42:3655,Villach Landskron Bahnhst,46.629806351704,13.8756743244854,21
at:42:3656,Villach Westbahnhof,46.6083531289848,13.8403346012032,40
at:42:3657,Villach Warmbad Bahnhst,46.5890645067452,13.8286834519666,39
at:42:3659,Fürnitz Bahnhof,46.5631853701609,13.8131156480906,29
at:42:3660,Neuhaus an der Gail Bahnhst,46.5549330660153,13.7785844085642,26
at:42:3661,Pöckau Bahnhst,46.5520667026661,13.744960467475,26
at:42:3662,Arnoldstein Bahnhof,46.5514242211463,13.7079498777641,30
at:42:3663,Thörl-Maglern Bahnhof,46.5404081867626,13.6482478439732,2
at:42:3715,Wolfsberg Bahnhof,46.8420646722767,14.83858746082,20
at:42:3716,Wolfsberg Reding Bahnhst,46.8256254011159,14.8457380504826,11
at:42:3717,St. Stefan Bahnhof,46.8070537327306,14.8462321238889,11
at:42:3718,St. Andrä Bahnhof,46.7635533637155,14.8416058001751,11
at:42:3721,St.Paul im Lavanttal Bahnhof,46.7214958675488,14.8557003669849,12
at:42:3800,St. Veit an der Glan Westbahnhof,46.7625134027838,14.3614113649821,11
at:42:3802,Liebenfels Bahnhst,46.7360830448766,14.2926093973618,12
at:42:3803,Tauchendorf-Haidensee Bahnhst,46.728485150973,14.237066563337,12
at:42:3804,Glanegg in Ktn Bahnhst,46.717849996504,14.2114915271945,12
at:42:3805,Mautbrücken Bahnhst,46.7214958675488,14.1890875440055,12
at:42:3806,St.Martin-Sittich Bahnhst (Bundesstraße),46.732438159662,14.1530022190374,12
at:42:3807,Feldkirchen in Kärnten Bahnhof,46.7215697677928,14.0997321226817,21
at:42:3808,Tiffen Bahnhst,46.701668471539,14.0604667616073,21
at:42:3809,Steindorf am Ossiachersee Bahnhst,46.6985079806172,14.0146886147222,21
at:42:3810,Ossiach-Bodensdorf Bahnhof,46.6828568203505,13.9744171405296,21
at:42:3811,St. Urban am Ossiacher See Bahnhst,46.6748507929956,13.9600979948987,21
at:42:3812,Sattendorf Bahnhof,46.6628796005259,13.9171585243118,21
at:42:3813,Annenheim Bahnhst,46.6585453998948,13.9009349502784,21
at:42:3814,Villach St. Ruprecht Bahnhof,46.6416430147855,13.8758360212366,21
at:42:3819,Klagenfurt Ebenthal Bahnhst g1,46.6166404977643,14.3333210460438,7
at:42:3820,Grafenstein Bahnhof,46.6189666570215,14.4593097646591,7
at:42:3823,Mittlern Bahnhst,46.5986510387203,14.7154194521972,6
at:42:3824,St. Michael ob Bleiburg Bahnhst,46.5826992981071,14.7503190009901,6
at:42:3825,Bleiburg Bahnhof,46.5742770588353,14.7865211069452,8
at:42:3826,Bleiburg Stadt Bahnhst,46.5906263690515,14.7941478037084,6
at:42:3831,Kühnsdorf-Klopeinersee Bahnhof,46.6247785332796,14.6198926048707,12
at:42:3832,Wiederndorf-Aich Bahnhst,46.6208731692683,14.7950371358398,6
at:42:3842,Klagenfurt Süd Bahnhst,46.6111239540767,14.3021944214447,29
at:42:3843,Maria Rain Bahnhst,46.5625677261808,14.2839855706331,21
at:42:3844,Weizelsdorf Bahnhof,46.5395369411569,14.2429145958374,21
at:42:3847,Köttmannsdorf Lambichl Bahnhst,46.5799887641562,14.2828626765278,21
at:42:3861,Lendorf Bahnhst,46.8276168178814,13.418027602927,48
at:42:3862,Möllbrücke-Sachsenburg Bahnhof,46.8311262030368,13.3669493958649,48
at:42:3863,Sachsenburg Markt Bahnhst,46.8260556517265,13.3479051118389,48
at:42:3864,Kleblach-Lind Bahnhof,46.771349354484,13.3418055510588,48
at:42:3865,Steinfeld im Drautal Bahnhof,46.7531651605031,13.2604810683762,50
at:42:3866,Greifenburg-Weißensee Bahnhof,46.7416976562355,13.1920923257867,55
at:42:3867,Berg im Drautal Bahnhst,46.7428057341317,13.1271441307358,48
at:42:3868,Dellach im Drautal Bahnhof,46.7358614034863,13.0752394736121,48
at:42:3869,Irschen Bahnhst g1,46.7405218375633,13.0135341967374,48
at:42:3870,Oberdrauburg Bahnhof,46.7463329637924,12.974439515567,56
at:42:3901,Nötsch Bahnhof,46.5886385364869,13.6260594564524,23
at:42:3902,Emmersdorf im Gailtal Bahnhst,46.5953363769105,13.5723042698432,23
at:42:3903,St. Stefan-Vorderberg Bahnhof,46.6004348230719,13.5331107739916,22
at:42:3904,Görtschach-Förolach Bahnhof,46.6229091761785,13.4710731204616,22
at:42:3905,Pressegger See Bahnhst,46.6315212553441,13.4365867966995,22
at:42:3906,Vellach-Khünburg Bahnhst,46.631299184554,13.4081910505645,22
at:42:3907,Hermagor Bahnhof,46.6259630429828,13.3752318627856,22
at:42:5281,Micheldorf-Hirt Bahnhst (Hauptstraße),46.9134479546702,14.4328903121495,16
at:43:20307,Unterretzbach Bahnhof,48.7648669299156,16.0078705674041,32
at:43:3004,Absdorf-Hippersdorf Bahnhof,48.4016851362706,15.9865715120147,128
at:43:3005,Altenhof/Kamp Bahnhof,48.5442261495446,15.6859952179064,66
at:43:3008,Achau Bahnhof,48.081108372053,16.3779495150543,69
at:43:3046,Angern,48.384488153503,16.8261459598225,46
at:43:3064,Atzenbrugg Bahnhof,48.2970295825115,15.9182636178007,40
at:43:3079,Bad Deutsch-Altenburg Bahnhof,48.1326409607792,16.9107762427511,70
at:43:3090,Bad Vöslau Bahnhof,47.9695768653354,16.223798612278,150
at:43:3101,Baden Bahnhof,48.0042084576875,16.2428788289153,332
at:43:3155,Berndorf/Triesting Fabrik Bahnhof,47.9401939549575,16.1339131849364,35
at:43:3160,Berndorf Stadt Bahnhof,47.9449598863154,16.1085537444622,34
at:43:3162,Bernhardsthal Bahnhof,48.6873572311937,16.8792453762742,45
at:43:3170,Bisamberg Bahnhof,48.3160184569878,16.3474427280014,125
at:43:3189,Breiteneich bei Horn Bahnhof,48.6719418021116,15.6881242251301,25
at:43:3204,Breitensee NÖ,48.2547782107595,16.8783919767541,37
at:43:3205,Breitenwaida Bahnhof,48.5150585193792,16.0747321740104,35
at:43:3209,Bruck/Leitha Bahnhof,48.0190760740815,16.7814637575841,218
at:43:3255,Brunn-Maria Enzersdorf Bahnhof,48.1048086226774,16.2880820540185,164
at:43:3260,Buchberg/Kamp Bahnhof,48.5761348263114,15.6588032142523,64
at:43:3264,Böheimkirchen Bahnhof,48.1999374991741,15.7540785332993,33
at:43:3279,Deutsch-Wagram Bahnhof,48.3029695933057,16.5649428246227,177
at:43:3292,Helmahof Bahnhof,48.3102771290514,16.596626404698,110
at:43:3309,Drösing Bahnhof,48.5401223999235,16.8958192932685,46
at:43:3310,Dürnkrut Bahnhof,48.4704268633371,16.8606143172789,47
at:43:3314,Dürrwien Bahnhof,48.178305829751,16.0614460909564,16
at:43:3318,Ebenfurth Bahnhof,47.877624472983,16.3624715427068,84
at:43:3339,Eggenburg Bahnhof,48.6378794673126,15.8145171856233,48
at:43:3347,Eichgraben-Altlengbach Bahnhof,48.1735434804781,15.9815409464229,48
at:43:3388,Enzersdorf bei Staatz Bahnhof,48.672588407768,16.5111067896379,54
at:43:3401,Enzesfeld-Lindabrunn Bahnhof,47.9212221567097,16.1876144726286,35
at:43:3408,Etsdorf-Straß Bahnhof,48.4531518455987,15.7304438581708,51
at:43:3415,Felixdorf Bahnhof,47.8874505562972,16.2479273608128,149
at:43:3420,Fels am Wagram Bahnhof,48.4290701973735,15.823141012352,78
at:43:3430,Fischamend Bahnhof,48.1163727780035,16.6155449245842,72
at:43:3449,Frättingsdorf Bahnhof,48.6424145274184,16.5135771566696,56
at:43:3481,Gaisruck Bahnhof,48.3940864925811,16.0648776553423,18
at:43:3486,Gars-Thunau Bahnhof,48.5973307450072,15.6552369025739,64
at:43:3493,Gedersdorf Bahnhof,48.4325809528804,15.6917534188784,66
at:43:3496,Gemeinlebarn Bahnhof,48.3360572586282,15.8045818185795,39
at:43:3499,Gerasdorf Bahnhof,48.294017481974,16.4840405501236,117
at:43:3527,Glinzendorf Bahnhof,48.2422401669752,16.6401946959838,38
at:43:3528,Gobelsburg Bahnhof,48.4626061784791,15.7013294598085,67
at:43:3538,Gramatneusiedl Bahnhof,48.0349185271822,16.4910563924936,174
at:43:3544,Greifenstein-Altenberg Bahnhof,48.3446795831074,16.2396718433506,52
at:43:3580,Großweikersdorf Bahnhof,48.4690152980077,15.9762498693987,42
at:43:3602,Gumpoldskirchen Bahnhof,48.041069156914,16.2849559168293,49
at:43:3608,Guntersdorf Bahnhof,48.6422542639197,16.0537654952761,40
at:43:3616,Guntramsdorf-Thallern Bahnhof,48.0518790309929,16.2973347014462,44
at:43:3617,Guntramsdorf-Kaiserau Bahnhof,48.0442102597169,16.3250656942708,6
at:43:3622,Gänserndorf Bahnhof,48.3403745743078,16.7335835529339,183
at:43:3647,Göllersdorf Bahnhof,48.4920064148047,16.1270051404006,40
at:43:3653,Ebreichsdorf Bahnhof,47.9641816251299,16.4191642202955,104
at:43:3655,Götzendorf Bahnhof,48.0256131029297,16.5869605322395,111
at:43:3660,Hadersdorf/Kamp Bahnhof,48.4462282748194,15.7144897787227,148
at:43:3677,Hainburg/Donau Ungartor/B9,48.14820274311,16.9483707373968,72
at:43:3681,Hainburg/Donau Kulturfabrik Bhf.,48.1446723826551,16.931823769861,71
at:43:3686,Hainburg/Donau Personenbhf.,48.1489219718301,16.9398187758908,65
at:43:3706,Haslau an der Donau Bahnhof,48.1096973149792,16.710487866976,66
at:43:3709,Hausleiten Bahnhof,48.3913425903868,16.1071074568546,20
at:43:3712,Hautzendorf Bahnhof,48.4511320717865,16.4928889556734,42
at:43:3723,Hennersdorf Bahnhof,48.1127442646208,16.3585099723033,69
at:43:3733,Hetzmannsdorf-Wullersdorf Bhf.,48.6171756581839,16.0916115182014,40
at:43:3734,Himberg Bahnhof,48.081894555497,16.4451614646215,90
at:43:3766,Hirtenberg Bahnhof,47.9291800844531,16.1761519696016,35
at:43:3778,Hohenau,48.5984951635649,16.9010295219171,46
at:43:3780,Hollabrunn Bahnhof,48.5631347825501,16.0722707901316,74
at:43:3784,Horn Bahnhof,48.6658549972421,15.6730684609661,86
at:43:3794,Höbersdorf Bahnhof,48.4484687073975,16.1731605797051,34
at:43:3800,Höflein/Donau Bahnhof,48.3500110802601,16.2714362718014,86
at:43:3806,Hörersdorf Bahnhof,48.6200736339181,16.5166763444002,39
at:43:3830,Jedenspeigen Bahnhof,48.4954532906266,16.8785177408939,39
at:43:3851,Kamegg Bahnhof,48.6095795594008,15.6578869326624,57
at:43:3852,Kapellerfeld Bahnhof,48.3169384432398,16.4951077944255,117
at:43:3867,Katzelsdorf Bahnhof,47.7927511150846,16.2663428241398,46
at:43:3880,Kirchberg am Wagram Bhf.,48.4277528564119,15.8936497790124,78
at:43:3885,Kirchstetten Bahnhof,48.1901708410806,15.821146752421,34
at:43:3895,Kledering Bahnhof,48.1329946900389,16.4392685163569,96
at:43:3952,Klosterneuburg-Kierling,48.3100202179046,16.3260089253193,84
at:43:3953,Klosterneuburg-Weidling Bhf.,48.2967845571632,16.3349920781618,84
at:43:3963,Korneuburg Bahnhof,48.3434615592487,16.3285691238794,178
at:43:3989,Kottingbrunn Bahnhof,47.9501405329052,16.22693373262,42
at:43:3991,Kottingneusiedl Bahnhof,48.7033667247865,16.4648974514164,36
at:43:3993,Krems Bahnhof,48.4088473396087,15.6046976846823,160
at:43:3995,Kritzendorf Bahnhof,48.3357646472408,16.2990504836391,84
at:43:4003,Unterkritzendorf Bahnhof,48.3239154612648,16.3093631431023,52
at:43:4015,Laa/Thaya Bahnhof,48.7237388522532,16.4026262359125,51
at:43:4016,St. Pölten Bildungscampus Bahnhof,48.1894462018298,15.6151630577437,8
at:43:4025,Ladendorf Bahnhof,48.5363097778833,16.5102893227292,65
at:43:4029,Langenlebarn Bahnhof,48.3274633389714,16.1216511813065,52
at:43:4036,Langenlois Bahnhof,48.4768469055205,15.6861838641161,67
at:43:4045,Langenzersdorf Bahnhof,48.3063396743764,16.3561114704943,132
at:43:4054,Lanzendorf-Rannersdorf Bahnhof,48.1132540712285,16.4474791180549,87
at:43:4067,Laxenburg-Biedermannsdorf Bhf.,48.0775013764424,16.3566504596649,6
at:43:4083,Leobendorf-Burg Kreuzenstein Bhf.,48.3644982329432,16.3019520420072,86
at:43:4084,Leobersdorf Bahnhof,47.93818394814,16.2309492019405,213
at:43:4102,Limberg-Maissau Bahnhof,48.5923341341862,15.8634124865447,41
at:43:4132,Marchegg Bahnhof,48.2495205027111,16.9185287036542,121
at:43:4140,Maria Anzbach Bahnhof,48.1878771131316,15.9348734674064,34
at:43:4142,Maria Ellend Bahnhof,48.1097333036278,16.6881737153153,72
at:43:4165,Maria Lanzendorf Bahnhof,48.1024090943728,16.4194965969506,6
at:43:4196,Michelhausen Bahnhof,48.2965514831796,15.9345141412927,40
at:43:4202,Mistelbach Bahnhof,48.5656791785165,16.5639456946572,80
at:43:4207,Mistelbach Stadt,48.5709340210441,16.5689043950262,51
at:43:4216,Moosbierbaum-Heiligeneich Bf.,48.3060528676291,15.9008632507449,44
at:43:4225,Muckendorf-Wipfing Bahnhof,48.3282158873629,16.1504062535552,52
at:43:4231,Münchendorf Bahnhof,48.0322454172148,16.3861331672938,67
at:43:4239,Mödling Bahnhof,48.0857172762509,16.2956638350175,305
at:43:4301,Möllersdorf Aspangbahn,48.029806458832,16.3131181009904,6
at:43:4318,Neubau-Kreuzstetten Bahnhof,48.4974058209717,16.5007671807162,63
at:43:4337,Neulengbach Bahnhof,48.1996021941366,15.892931126785,27
at:43:4338,Neulengbach Stadt Bahnhof,48.1961951310138,15.9065945022584,34
at:43:4377,Niederkreuzstetten Bahnhof,48.4777758981443,16.479683720995,48
at:43:4395,Obereggendorf Bahnhof,47.8496542183557,16.2967957122757,44
at:43:4408,Oberolberndorf Bahnhof,48.4135281680888,16.1742834738104,37
at:43:4417,Obersdorf Bahnhof,48.3623018468207,16.5167302433173,135
at:43:4423,Oberwaltersdorf Bahnhof,47.9752842595598,16.3284343765868,10
at:43:4429,Oberweiden Bahnhof,48.3062799231036,16.8336379092931,54
at:43:4440,Ollersbach Bahnhof,48.191548226283,15.8481051941012,27
at:43:4455,Paasdorf Bahnhof,48.546373051194,16.5349840098931,44
at:43:4500,Perchtoldsdorf Bahnhof,48.1227115658229,16.2856296532925,161
at:43:4531,Petronell-Carnuntum Bahnhof,48.1059243651858,16.867737957483,70
at:43:4533,Pfaffstätten Bahnhof,48.0182288433052,16.258805958905,44
at:43:4549,Plank am Kamp Bahnhof,48.5578137277462,15.6733379555514,66
at:43:4552,Platt Bahnhof,48.6745637663094,15.9661348392981,38
at:43:4556,Pottenbrunn Bahnhof,48.2237265778937,15.702667949582,27
at:43:4562,Pottendorf-Landegg Bahnhof,47.9052122991368,16.3959068375864,54
at:43:4565,Pottenstein an der Triesting Bhf.,47.9620582601231,16.0890513196413,33
at:43:4574,Pressbaum Bahnhof,48.1811630269887,16.0775618671558,48
at:43:4601,Purkersdorf Sanatorium Bhf.,48.2062599832767,16.2006130947916,60
at:43:4603,Purkersdorf Zentrum Bahnhof,48.2060145226031,16.1754063679157,65
at:43:4605,Unterpurkersdorf Bahnhof,48.2075531225238,16.1886205857469,61
at:43:4613,Raasdorf Bahnhof,48.2390333797836,16.582540821041,83
at:43:4616,Rabensburg Bahnhof,48.6519522563326,16.8947323317745,44
at:43:4639,Regelsbrunn Bahnhof,48.1070820723993,16.7803767960902,70
at:43:4651,Rekawinkel Bahnhof,48.1798991711218,16.0316399898252,14
at:43:4656,Retz Bahnhof,48.7535501433922,15.957016939163,38
at:43:4671,Rohrendorf,48.4231389134062,15.656656240723,65
at:43:4674,Rosenburg Bahnhof,48.6283865754676,15.6433252419048,61
at:43:4688,Sarasdorf Bahnhof,48.0231798388639,16.6772951172231,87
at:43:4695,Schleinbach Bahnhof,48.4220300739812,16.4899155320826,52
at:43:4697,Stallegg Bahnhof,48.6157384855586,15.6436396522543,57
at:43:4708,Flughafen Wien Bahnhof,48.1202229202475,16.5644307849107,182
at:43:4710,Schwechat Bahnhof,48.1425024990358,16.4825762962103,142
at:43:4742,Schönberg/Kamp Bahnhof,48.5155345690395,15.6965773719548,67
at:43:4743,Schönborn-Mallebarn,48.4684852063715,16.159137878118,35
at:43:4745,Schönfeld-Lassee Bahnhof,48.2510757400073,16.8071825241721,39
at:43:4759,Seyring Bahnhof,48.3308974972912,16.5018810916687,118
at:43:4764,Siebenbrunn-Leopoldsdf,48.2456621136666,16.7039750811652,40
at:43:4765,Siebenhirten (NÖ) Haltestelle,48.6111178765332,16.5318938053153,39
at:43:4783,Sierndorf bei Stockerau Bahnhof,48.4285635318141,16.1747955135224,43
at:43:4787,Sierndorf an der March Bahnhof,48.5112083033757,16.8909863570392,39
at:43:4789,Sigmundsherberg Bahnhof,48.6856492513863,15.7453828413478,72
at:43:4790,Silberwald Bahnhof,48.3282218599248,16.6777532580181,117
at:43:4798,Sitzenberg-Reidling Bahnhof,48.3321994307688,15.8186494359308,39
at:43:4801,Sollenau Bahnhof,47.8982143337121,16.2456456399908,41
at:43:4814,Spillern Bahnhof,48.3758128952215,16.2568566147382,75
at:43:4824,St. Andrä-Wördern Bahnhof,48.333656601292,16.2087248818083,85
at:43:4848,St. Pölten Hauptbahnhof,48.2083253984462,15.6246402839925,372
at:43:4849,St. Veit an der Triesting Bhf.,47.9333391494808,16.1492923426027,35
at:43:4852,Staatz Bahnhof,48.6997442813663,16.4926014947825,54
at:43:4875,Mannswörth Bahnhof,48.1365798084151,16.5074326801253,88
at:43:4881,Stiefern Bahnhof,48.5348940978471,15.6913671433062,67
at:43:4882,Stillfried Bahnhof,48.4112146404766,16.8464389020936,39
at:43:4884,Stockerau Bahnhof,48.3823880890576,16.2132074750767,136
at:43:4922,Strasshof Bahnhof,48.3186827872082,16.635056332558,129
at:43:4975,Tallesbrunn Bahnhof,48.3636507256071,16.7861529633679,39
at:43:4978,Tattendorf Bahnhof,47.9556395128707,16.3060034439392,10
at:43:4983,Teesdorf Bahnhof,47.9427575029492,16.2900313981853,10
at:43:4990,Theresienfeld Bahnhof,47.8603294145247,16.2440556219377,25
at:43:4995,Traiskirchen Aspangbahn,48.0179284035157,16.3033084980864,16
at:43:5005,Traismauer Bahnhof,48.3479454151865,15.745427757112,40
at:43:5006,Trasdorf Bahnhof,48.3151701432754,15.8799774203862,39
at:43:5013,Trautmannsdorf/Leitha Bhf.,48.0241711825343,16.642350652666,87
at:43:5023,Trumau Bahnhof,47.9926491401971,16.3321534018635,10
at:43:5034,Tulln Bahnhof,48.3274454210172,16.06449137977,181
at:43:5057,Tulln Stadt Bahnhof,48.3283233933695,16.0533971860096,55
at:43:5068,Tullnerbach-Pressbaum Bahnhof,48.1859965389593,16.0933093340886,72
at:43:5070,Ulrichskirchen Bahnhof,48.4024246610753,16.4882177161953,43
at:43:5072,Untereggendorf Bahnhof,47.8613238861005,16.3214365005225,44
at:43:5090,Untersiebenbrunn Bahnhof,48.2479293263746,16.7476871028965,38
at:43:5094,Untertullnerbach Bahnhof,48.1914344436909,16.1276609105581,38
at:43:5138,Wagram-Grafenegg Bahnhof,48.4342617380725,15.7763837018071,51
at:43:5147,Wampersdorf Bahnhof,47.9303778813237,16.4169633478491,44
at:43:5189,Weikendorf-Dörfles Bahnhof,48.3497842194027,16.7593113026747,39
at:43:5195,Weissenbach-Neuhaus Bahnhof,47.9842620549946,16.0458333713163,33
at:43:5210,Wiener Neustadt Hauptbahnhof,47.8110038155515,16.2333656700552,705
at:43:5223,Wiener Neustadt Nord,47.8345750002659,16.238791494372,30
at:43:5227,Wiener Neustadt Civitas Nova,47.8334533799048,16.2550869336282,44
at:43:5235,Wildungsmauer Bahnhof,48.1080238149913,16.8021968743445,63
at:43:5239,Wilfleinsdorf Bahnhof,48.0219481428964,16.7199830595304,87
at:43:5255,Wittmannsdorf Bahnhof,47.9203131173109,16.2197831429574,35
at:43:5271,Wolfsthal,48.1355966236049,17.0062132585493,71
at:43:5274,Wolkersdorf Bahnhof,48.3787366343606,16.5126159593154,150
at:43:5301,Zeiselmauer-Königstetten Bhf.,48.3265554880381,16.1751278901776,52
at:43:5303,Zellerndorf Bahnhof,48.6957480266331,15.9679224867137,37
at:43:5304,Ziersdorf Bahnhof,48.5283862190731,15.9213178897671,43
at:43:5323,Zöbing Bahnhof,48.4906549850375,15.6938195440322,67
at:43:5759,Tullnerfeld Bahnhof,48.2950036058816,15.9962194181674,91
at:43:6003,Wiener Neustadt Anemonensee,47.8119208068183,16.2095333655642,54
at:43:7032,Bad Erlach Bahnhof,47.7319188516146,16.2117971200805,55
at:43:7033,Brunn an der Pitten Bahnhof,47.7225165390814,16.1878839672139,27
at:43:7034,Pitten Bahnhof,47.7171257590473,16.1795655676818,34
at:43:7035,Sautern-Schiltern Bahnhof,47.7073036778667,16.1558590273305,28
at:43:7036,Seebenstein Bahnhof,47.7034287354609,16.1429592198488,31
at:43:7037,Gleißenfeld Bahnhof,47.6772335852797,16.12915211393,26
at:43:7038,Scheiblingkirchen-Warth,47.6620498577996,16.1310116265683,32
at:43:7039,Petersbaumgarten Bahnhof,47.633908968906,16.1323141837305,26
at:43:7040,Edlitz-Grimmenstein Bahnhof,47.6173380923599,16.1280471861303,56
at:43:7041,Aspang Markt Bahnhof,47.5623629401088,16.0994807600914,54
at:43:7042,Ausschlag-Zöbern Bahnhof,47.5329007736222,16.0832482029051,28
at:43:7057,Lanzenkirchen Bahnhof,47.7508271028915,16.2422949239806,27
at:43:7091,Bad Fischau-Brunn Bahnhof,47.8268678939522,16.1731695628579,35
at:43:7092,Bad Fischau Bahnhof,47.8314935011909,16.171624460569,66
at:43:7093,Feuerwerksanstalt Bahnhof,47.8487861215994,16.1893482211272,59
at:43:7094,Wöllersdorf Bahnhof,47.8614383997844,16.178298943131,66
at:43:7096,Dreistetten Bahnhof,47.8723642523912,16.1107366506029,55
at:43:7097,Oberpiesting Bahnhof,47.8745575822432,16.0977110789814,69
at:43:7098,Wopfing Bahnhof,47.8736959280159,16.077094743208,58
at:43:7099,Waldegg Bahnhof,47.8689475344163,16.0585984315054,65
at:43:7100,Oed/Piesting Bahnhof,47.8787150131668,16.0263938285652,58
at:43:7101,Miesenbach-Waidmannsf,47.8775461460089,16.0052205373156,65
at:43:7102,Pernitz Ortmann Bahnhof,47.89348625712,15.9791693940725,58
at:43:7104,Pernitz-Muggendorf Bahnhof,47.8958714299755,15.9579691533643,66
at:43:7105,Gutenstein Bahnhof,47.8769797782111,15.9109064156227,66
at:43:7106,Wöllersdorf Marchgraben Bf,47.8649701186672,16.1649948937713,54
at:43:7108,Waldegg-Dürnbach Bahnhof,47.8676157367693,16.0511693641047,58
at:43:7109,Markt Piesting Bahnhof,47.8748106527906,16.124930032094,67
at:43:7110,Piesting Harzwerk,47.8764495559384,16.1361140573828,55
at:43:7112,Winzendorf Bahnhof,47.8110701773051,16.1115631006644,26
at:43:7113,Urschendorf Bahnhof,47.7973737275949,16.0898238707857,22
at:43:7114,Willendorf Bahnhof,47.7892084431052,16.0605387925193,22
at:43:7115,Unterhöflein Bahnhof,47.79058450111,16.0331132268914,23
at:43:7116,Grünbach/Schneeberg Bahnhof,47.7975185547631,15.9978723182904,23
at:43:7117,Grünbach/Schneeberg Schule,47.8014830417037,15.9815409464229,23
at:43:7118,Grünbach/Schneeberg Kohlenwerk,47.7982306158013,15.9718660908116,23
at:43:7119,Rothengrub Bahnhof,47.7892024076828,16.0510795325763,23
at:43:7120,Puchberg am Schneeberg Bahnhof,47.7904577604487,15.9108974324699,22
at:43:7161,Hötzelsdorf-Geras Bahnhof,48.7423966766624,15.6702926667378,21
at:43:7162,Irnfritz Bahnhof,48.7484446150944,15.5395518602689,21
at:43:7163,Göpfritz,48.7297416324861,15.394608689156,27
at:43:7164,Allentsteig Bahnhof,48.7155957327989,15.3304599947081,19
at:43:7165,Schwarzenau Bahnhof,48.7461641361324,15.2671916492388,26
at:43:7166,Vitis Bahnhof,48.7530230304962,15.1728505780874,25
at:43:7167,Hirschbach bei Gmünd Bahnhof,48.7492797776022,15.1270005659796,19
at:43:7168,Pürbach-Schrems Bahnhof,48.7635583162729,15.0846719497859,19
at:43:7169,Gmünd Bahnhof,48.764310329185,14.9858482853662,29
at:43:7211,St. Pantaleon Bahnhof,48.2277900885754,14.5286237719914,46
at:43:7222,Prinzersdorf Bahnhof,48.2031706851342,15.5260681478524,43
at:43:7223,Markersdorf an der Pielach Bf.,48.19630291504,15.4966573054462,24
at:43:7224,Großsierning Bahnhof,48.1877932673452,15.4567361742144,24
at:43:7225,Loosdorf/Melk Bahnhof,48.1949615865673,15.4046159214225,51
at:43:7226,Melk Bahnhof,48.2246003496854,15.3308283039746,54
at:43:7227,Pöchlarn Bahnhof,48.2082116531114,15.2162751389278,69
at:43:7228,Krummnußbaum Bahnhof,48.2079482418925,15.1592680509896,25
at:43:7229,Säusenstein Bahnhof,48.1928417369366,15.1138402470654,5
at:43:7230,Ybbs/Donau Bahnhof,48.15906801613,15.0998265286312,34
at:43:7231,Neumarkt/Ybbs-Karlsbach Bf.,48.1422207670867,15.0506078342074,30
at:43:7233,Blindenmarkt Bahnhof,48.1250621757369,14.9805841578005,29
at:43:7234,Amstetten Bahnhof,48.1216621516666,14.8782840132308,107
at:43:7235,Mauer-Öhling Bahnhof,48.0947658501862,14.8004629601567,7
at:43:7236,Aschbach Bahnhof,48.0696923549468,14.7564185617701,7
at:43:7237,Krenstetten-Biberbach Bahnhof,48.0550915284169,14.6995911368888,7
at:43:7238,St. Peter-Seitenstetten Bhf.,48.0547612809153,14.6456922198342,7
at:43:7239,St. Johann-Weistrach Bahnhof,48.0748844958882,14.6132181223087,7
at:43:7241,Stadt Haag Bahnhof,48.1156770828959,14.5663170813183,8
at:43:7242,St. Valentin Bahnhof,48.1790006764377,14.5220930198749,143
at:43:7243,Ennsdorf Bahnhof,48.2163707432654,14.4962754386058,72
at:43:7370,St. Pölten Traisenpark/P+R Nord,48.220674244305,15.6413399651266,36
at:43:7371,St. Pölten Alpenbahnhof-Kaiserwald,48.1989136144107,15.6139323658043,14
at:43:7372,St. Pölten Porschestraße,48.1832174750062,15.6170046040764,13
at:43:7376,St. Georgen am Steinfelde Bahnhof,48.1377428197971,15.6144803381277,13
at:43:7377,Wilhelmsburg/Traisen Bahnhof,48.1119105699756,15.6084616257233,13
at:43:7378,Kreisbach Bahnhof,48.1004893910789,15.6078417881771,13
at:43:7381,Traisen Bahnhof,48.056646665452,15.6127286233234,13
at:43:7382,Traisen Markt Bahnhof,48.0395375746138,15.6114799650783,9
at:43:7383,Marktl Bahnhof,48.0216477247814,15.600493569152,9
at:43:7384,Lilienfeld Bahnhof,48.0137941742226,15.5938550192015,10
at:43:7385,Lilienfeld Krankenhaus Bahnhof,48.0088783365169,15.578314164784,10
at:43:7386,Schrambach Bahnhof,48.0018282795647,15.5750532803022,10
at:43:7399,Wiesenfeld-Schwarzenbach Bf.,48.0512605271733,15.6485264874006,3
at:43:7400,St. Veit an der Gölsen Bahnhof,48.0450810860458,15.6718557353324,3
at:43:7401,Rainfeld-Kleinzell Bahnhof,48.0506780459103,15.7073122396015,3
at:43:7402,Rohrbach an der Gölsen Bahnhof,48.047867631363,15.7425441650496,5
at:43:7403,Hainfeld Bahnhof,48.0395916312349,15.7679934370523,5
at:43:7435,Erlauf Bahnhof,48.1838403817524,15.1821211918208,16
at:43:7442,Petzenkirchen Bahnhof,48.1435454932188,15.1569953133205,15
at:43:7443,Wieselburg Bahnhof,48.1321313465446,15.1423437910345,16
at:43:7444,Mühling Bahnhof,48.1110168822777,15.1355884600969,8
at:43:7445,Mühling-Plaika Bahnhof,48.1032309454295,15.1326330028118,8
at:43:7446,Schauboden Bahnhof,48.0788817873301,15.1369089835648,8
at:43:7447,Purgstall/Erlauf Bahnhof,48.0583698705476,15.1310340016058,8
at:43:7448,Sölling Bahnhof,48.0389549607645,15.1405022447017,8
at:43:7449,Saffen Bahnhof,48.0218039424196,15.1523689896066,9
at:43:7450,Scheibbs Bahnhof,48.0050559188384,15.1644692964854,9
at:43:7893,Greinsfurth/Amst. Bahnhof,48.1085036771912,14.8389557700865,48
at:43:7894,Ulmerfeld-Hausmening Bahnhof,48.0748424806652,14.8157343199888,50
at:43:7895,Kröllendorf Bahnhof,48.0425466402167,14.788982490824,48
at:43:7896,Hilm-Kematen Bahnhof,48.0226451061807,14.7620420154495,48
at:43:7897,Rosenau am Sonntagberg Bahnhof,48.0105310237307,14.7416861911085,49
at:43:7898,Sonntagberg Bahnhof,47.9921501617927,14.7383085256398,47
at:43:7899,Böhlerwerk an der Ybbs Bahnhof,47.9832579183194,14.7540649757254,47
at:43:7900,Waidhofen/Ybbs Bahnhof,47.9682596847783,14.7652310347086,49
at:43:7901,Waidhofen/Ybbs Stadt,47.9584128464053,14.7678451321857,38
at:43:8000,Furth-Göttweig Bahnhof,48.373157517251,15.6156930637614,60
at:43:8001,Furth-Palt Bahnhof,48.3845060514071,15.6059373597745,71
at:43:8002,Getzersdorf/Traisen Bahnhof,48.3242499518548,15.7153611445484,39
at:43:8003,Herzogenburg Bahnhof,48.2766824981272,15.6962988942167,113
at:43:8004,Herzogenburg Stadt,48.2845317903816,15.7005658918169,40
at:43:8005,Herzogenburg-Wielandsthal,48.285015979881,15.6907293394544,65
at:43:8008,Oberradlberg Bahnhof,48.2406308156952,15.6704992792532,38
at:43:8009,Paudorf Bahnhof,48.3511453693977,15.6161961203206,72
at:43:8010,Statzendorf Bahnhof,48.3092853253898,15.6324376606598,74
at:43:8011,Unterradlberg Bahnhof,48.2551669845415,15.6867138701338,38
at:43:8012,Viehofen Bahnhof,48.2308599497088,15.6530000975161,37
at:43:8022,Brunn an der Schneebergbahn Bhf.,47.8255892961511,16.157314298091,26
at:43:8059,Pernitz Wipfelhofstraße/Bf.,47.8956907389086,15.9684075769672,65
at:43:8068,Pfennigbach Bahnhof,47.7957685327824,15.92394995355,22
at:43:8074,Pernitz Raimundviertel Bahnhof,47.8919743861225,15.9462102062935,66
at:43:8240,Herzograd Bahnhof,48.1613750173322,14.5035787418667,67
at:43:8241,Ernsthofen Bahnhof,48.126693147972,14.4799081341268,67
at:43:8242,Dorf an der Enns,48.091183813358,14.4730270390495,49
at:43:8243,Ramingdorf-Haidershofen Bf.,48.0676633760208,14.4593367141176,49
at:43:8757,St. Egyden/Stfd Bahnhof,47.760894605247,16.1463728179289,175
at:43:8758,Neunkirchen Bahnhof,47.7311515028282,16.0852514459889,179
at:43:8759,Ternitz Bahnhof,47.7142488365191,16.0334276372408,175
at:43:8760,Pottschach Bahnhof,47.6971169801639,16.006334448268,175
at:43:8761,Gloggnitz Bahnhof,47.6772940693834,15.9465964818658,181
at:43:8762,Schlöglmühl Bahnhof,47.6825075356071,15.9141044180346,84
at:43:8763,Payerbach-Reichenau Bahnhof,47.6957384491822,15.8640772398551,195
at:43:8764,Küb Bahnhof,47.6818664646053,15.8766536538345,42
at:43:8765,Eichberg am Semmering Bahnhof,47.6722494542208,15.9111489607495,42
at:43:8766,Klamm-Schottwien Bahnhof,47.6651595544981,15.8724675046099,46
at:43:8767,Breitenstein Bahnhof,47.6599141027692,15.8204370833465,46
at:43:8768,Wolfsbergkogel Bahnhof,47.6495244958223,15.8273181784238,39
at:43:8769,Semmering Bahnhof,47.6395686235483,15.8307766922681,57
at:43:99985,Kittsee Tarifpunkt A6/Staatsgrenze,48.1030329825077,17.0837558338853,28
at:44:40156,Neumarkt-Kallham Bahnhof,48.2717678566339,13.7258443182262,72
at:44:40179,Lengau Bahnhst,48.0082172468018,13.2201017963494,19
at:44:40222,Perg Schulzentrum Bahnhst,48.2424615235991,14.640625721631,48
at:44:41016,Leonding Straßfeld Lokalbahn,48.2746557142042,14.245905985734,1
at:44:41027,Linz Pichling,48.2428743212308,14.3791171592346,72
at:44:41060,Linz/Donau Franckstraße Bahnhof,48.2858707723606,14.3239965333933,51
at:44:41072,Leonding Westbahn Bahnhof,48.2740040173359,14.2527152155885,40
at:44:41121,Linz Ebelsberg,48.2519669892919,14.3467328932376,75
at:44:41164,Linz/Donau Hauptbahnhof,48.2909992268168,14.2919805766629,536
at:44:41224,Linz/Donau Oed Bahnhst,48.2652561254967,14.2764936211625,67
at:44:41272,Linz/Donau Urfahr Bahnhof,48.3118842880337,14.2792783985436,105
at:44:41298,Linz/Donau Wegscheid Bahnhof,48.2491615950796,14.2755324238083,66
at:44:41500,Pasching b.Linz Bahnhst,48.2569433440564,14.2083923394639,42
at:44:41501,Hörsching Bahnhst,48.2460629211155,14.18717413245,43
at:44:41570,Oftering Bahnhst,48.2282628472174,14.1524722130197,41
at:44:41600,Traun OÖ Bahnhof,48.2262221742256,14.2544040483229,110
at:44:41601,St.Martin b.Traun Bahnhst,48.2365144750064,14.2649053539957,66
at:44:41602,Ansfelden Bahnhof,48.2093071897821,14.2610515814263,69
at:44:41740,Nettingsdorf Bahnhof,48.1896617980496,14.2583117198094,69
at:44:41760,Nöstlbach-St.Marien Bahnhst,48.1634722011238,14.246076665638,65
at:44:41761,Neuhofen/Krems Bahnhof,48.1360102829229,14.2383421710406,110
at:44:41770,Kematen/Krems-Piberbach Bahnhof,48.1135719480826,14.2037749989029,66
at:44:41900,Asten-Fisching,48.2273412630388,14.4272758416229,72
at:44:41910,Enns Bahnhof,48.2210991879258,14.4670801918678,96
at:44:42046,Wels Hbf (Busterminal),48.1650300535792,14.0276513042739,4
at:44:42107,Wels Hauptbahnhof,48.1657011139022,14.0262409492776,197
at:44:42146,Wels Lokalbahn Bahnhof,48.1566290734773,14.0173655942693,28
at:44:42268,Wels Messe Bahnhof,48.1524520399787,14.0196473150913,23
at:44:42300,Marchtrenk Bahnhof,48.1996081817458,14.0965431034226,111
at:44:42390,Kremsmünster Bahnhof,48.0530259456002,14.1401922430841,106
at:44:42410,Schauersberg Bahnhst,48.1359323473642,14.0086519360121,27
at:44:42411,Steinhaus b.Wels Bahnhst,48.1192214312611,14.0179405160512,27
at:44:42412,Oberhart b.Steinhaus Bahnhst,48.1039508041729,14.0392036388293,28
at:44:42430,Unterhart b.Sattledt Bahnhst,48.08909567677,14.0426441863679,28
at:44:42431,Sattledt Bahnhof,48.0740621917186,14.0580772429513,28
at:44:42451,Großendorf Bahnhst,48.0387987951079,14.055696707448,20
at:44:42452,Wiesmühle b.Sattledt Bahnhst,48.0217739006029,14.0437041984033,20
at:44:42453,Voitsdorf Bahnhst,48.0124841312467,14.0471088133306,20
at:44:42750,Gunskirchen Bahnhof,48.1322272743164,13.9453296916257,41
at:44:42790,Lambach OÖ Bahnhof,48.0941478616439,13.8886100645785,41
at:44:42791,Lambach OÖ Markt Bahnhst,48.0943338589768,13.8700329045003,37
at:44:42850,Neukirchen b.Lambach Bahnhst,48.0950778415804,13.8323395951734,16
at:44:42940,Haiding Bahnhof,48.2099178066073,13.9747225677262,18
at:44:43005,Steyr,48.0384263981703,14.4232513891495,69
at:44:43133,Steyr-Münichholz,48.0481919177918,14.4495540606722,69
at:44:43450,Rohr-Bad Hall Bahnhof,48.0697823965365,14.1916207931071,106
at:44:43500,Kirchdorf/Krems Bahnhof,47.9064768907548,14.1163329891345,110
at:44:43510,Micheldorf in OÖ Bahnhof,47.8837275876988,14.1258730974532,37
at:44:43520,Schlierbach/Krems Bahnhof,47.9379131328646,14.1117515811849,64
at:44:43530,Nußbach Bahnhst,47.9717480348432,14.1233937472687,64
at:44:43540,Wartberg/Krems Bahnhof,47.9889397516179,14.1215072851718,90
at:44:43589,Klaus/Pyhrnbahn Bahnhof,47.8331880468111,14.1551761420253,34
at:44:43615,Steyrling Bahnhof,47.8015735515718,14.1636921709199,29
at:44:43620,Hinterstoder Bahnhof,47.7745765209736,14.1790892948918,43
at:44:43640,Roßleithen Bahnhst,47.7244865728733,14.308734156714,34
at:44:43649,Windischgarsten Bahnhof,47.7153367670756,14.3279850532554,42
at:44:43660,Spital am Pyhrn Bahnhof,47.6738100707217,14.3473527307837,34
at:44:43790,Steinbachbrücke Bahnhst,47.9321053083565,13.9929943006077,20
at:44:43835,Pettenbach OÖ Bahnhof,47.9620943520422,14.0112121345722,20
at:44:43839,Pettenbach OÖ Diensthubersiedlung Bahnhst,47.9678747489572,14.0219110696076,20
at:44:43860,Wilfling Bahnhst,47.9804498396189,14.0290347098116,20
at:44:43900,Garsten Bahnhof,48.0238407367626,14.4084202038066,88
at:44:43934,Lahrndorf b.Garsten Bahnhof,47.9948794545638,14.3745357512849,34
at:44:43940,Dürnbach/Enns Bahnhst,47.9780926192318,14.3540361964985,34
at:44:43941,Ternberg,47.9487025193099,14.3549704443941,33
at:44:43950,Trattenbach/Enns Bahnhst,47.9304501093938,14.3544224720707,33
at:44:43960,Losenstein,47.9240153963644,14.4311385973452,34
at:44:43981,Reichraming Bahnhof,47.8915165997439,14.4714549873021,34
at:44:44000,Puchenau Bahnhst,48.3116333594826,14.2385218340975,99
at:44:44001,Puchenau West Bahnhst,48.3124817319985,14.2218850350333,102
at:44:44002,Dürnberg b.Ottensheim Bahnhof,48.331488746431,14.1923753779458,98
at:44:44003,Ottensheim Bahnhof,48.3376158338442,14.1777238556598,101
at:44:44009,Achleitnersiedlung Bahnhst,48.3215739657143,14.2056165452356,97
at:44:44020,Walding b.Linz Bahnhst,48.3485961684199,14.153307646234,105
at:44:44040,Rottenegg Bahnhof,48.3598427369391,14.1378925559564,127
at:44:44050,Lacken im Mühlkreis Bahnhst,48.3860512134047,14.0913508410797,48
at:44:44052,Gerling OÖ Bahnhst,48.3974684466881,14.0771305101301,45
at:44:44350,Steyregg Bahnhof,48.284513857349,14.3621839161266,40
at:44:44351,Pulgarn Bahnhst,48.2786075694648,14.3926727368738,40
at:44:44360,St.Georgen/Gusen Bahnhof,48.2651425066616,14.440499042607,40
at:44:44361,St.Georgen/Gusen Ort Bahnhst,48.2702491248497,14.4505601737905,40
at:44:44410,Mauthausen OÖ Bahnhof,48.243400782942,14.5327829717575,48
at:44:44450,Lungitz/Gusen Bahnhof,48.2887279468872,14.4786684590346,42
at:44:44470,Katsdorf Bahnhst,48.3121889853298,14.4904543555639,39
at:44:44471,Gaisbach-Wartberg Bahnhof,48.3302942966598,14.5062916540251,39
at:44:44472,Schloss Haus Bahnhst,48.3414314548014,14.5055999512562,39
at:44:44500,Perg Bahnhof,48.2476062995692,14.627168958673,48
at:44:44550,Aisthofen,48.257451718417,14.5902122678792,47
at:44:44551,Schwertberg Bahnhof,48.2686167368164,14.5797109622064,49
at:44:44850,Arbing,48.2271078722042,14.7007858962169,48
at:44:44870,Dornach,48.1917997448007,14.8202797953271,47
at:44:44880,Grein-Bad Kreuzen Bahnhof,48.2212607852783,14.8506698013931,49
at:44:44881,Grein Stadt Bahnhof,48.2299922688373,14.8557722322076,44
at:44:44900,St.Nikola-Struden Bahnhst,48.2334928222967,14.9091950421616,42
at:44:44960,Baumgartenberg Bahnhst,48.2086786060334,14.7480732127795,48
at:44:44961,Saxen Bahnhof,48.2051823422963,14.7907431887811,48
at:44:45000,Freistadt Bahnhof,48.4952568428613,14.4815430679441,8
at:44:45090,Pregarten Bahnhof,48.3559867091429,14.5225781101284,49
at:44:45260,Summerau Bahnhof,48.5572726729473,14.4490150715017,8
at:44:45450,Kefermarkt Bahnhof,48.436872209085,14.5382357455328,9
at:44:45500,Rohrbach-Berg Bahnhof,48.5817570379345,13.9873618637755,32
at:44:45530,Oepping Bahnhst,48.5998555981871,13.9604303715539,20
at:44:45550,Haslach/Mühl Bahnhst,48.5538121636426,14.0313343969393,32
at:44:45680,Iglmühle Bahnhst,48.5205804204354,14.0364637772123,34
at:44:45750,Neufelden Bahnhof,48.4841831018904,14.0054269841417,31
at:44:45765,Kleinzell im Mühlkreis Bahnhst,48.4582217792644,14.0320260997082,31
at:44:45780,Neuhaus-Niederwaldkirchen Bahnhst,48.4422357696593,14.0509805522057,44
at:44:46009,Pinsdorf Bahnhst,47.93317664526,13.7661517250303,51
at:44:46010,Gmunden Bahnhof,47.9252975873337,13.7830131029156,61
at:44:46011,Altmünster/Traunsee Bahnhof,47.8911371158624,13.7584531630443,61
at:44:46320,Viechtwang Bahnhst,47.9156833907011,13.9713449022574,20
at:44:46321,Scharnstein-Mühldorf Bahnhof,47.9004186142064,13.9585618757626,20
at:44:46322,Kothmühle Bahnhst,47.8868421282657,13.9407662499818,20
at:44:46323,Traxenbichl Bahnhst,47.8768532483889,13.9384306302427,20
at:44:46340,Grünau im Almtal Bahnhof,47.8536629489123,13.9515999323097,20
at:44:46406,Traunkirchen Bahnhof,47.8553386872809,13.7771201546509,51
at:44:46430,Traunkirchen Ort Bahnhof,47.8427633002807,13.7871184037646,19
at:44:46440,Ebensee Landungsplatz,47.8122767398557,13.7750360631915,51
at:44:46441,Ebensee Bahnhof,47.8043973802475,13.771469751513,59
at:44:46470,Steinkogel Bahnhst,47.7871865373981,13.7413582231852,17
at:44:46500,Bad Ischl Bahnhof,47.7121817058842,13.6274518451429,58
at:44:46534,Lauffen b.Bad Ischl Bahnhst,47.6749109426599,13.6166361291206,15
at:44:46570,Bad Goisern Jodschwefelbad Bahnhst,47.6585587908079,13.6088297693005,15
at:44:46571,Bad Goisern Bahnhof,47.6394657262084,13.6134830424729,58
at:44:46580,Steeg-Gosau Bahnhof,47.6164540032392,13.6317368090488,58
at:44:46630,Obersee OÖ Bahnhst,47.5915238053063,13.665818890933,15
at:44:46631,Hallstatt Bahnhst,47.5676545523749,13.6619920678221,53
at:44:46640,Obertraun-Dachsteinhöhlen Bahnhof,47.5576588359976,13.6835426514912,58
at:44:46790,Aurachkirchen Bahnhof,47.967796558518,13.7456701365495,19
at:44:46900,Oberland OÖ Bahnhof,47.9023096434401,14.7449380924375,38
at:44:46910,Großraming Bahnhof,47.882082890143,14.5516026769624,34
at:44:46930,Küpfern Bahnhst,47.8586719195056,14.6104243617747,33
at:44:46940,Kastenreith Bahnhst,47.8514868193462,14.6377960284856,72
at:44:46942,Weyer/Enns Bahnhof,47.8621013687723,14.667763826368,40
at:44:46950,Kleinreifling Bahnhof,47.8242201966064,14.6422426891427,66
at:44:46960,Gaflenz Bahnhst,47.8938958400702,14.7241241273015,38
at:44:47000,Vöcklabruck Bahnhof,48.0099961598472,13.6637886983906,51
at:44:47060,Oberthalheim-Timelkam Bahnhst,48.0016900335213,13.6235531568093,16
at:44:47120,Ottnang-Wolfsegg Bahnhof,48.0921258472251,13.6648037946618,18
at:44:47130,Bergern am Hausruck Bahnhst,48.1009993192585,13.6308474769174,18
at:44:47150,Schwanenstadt Bahnhof,48.0542328805069,13.7684873447693,40
at:44:47151,Breitenschützing Bahnhof,48.0788757856237,13.8011590716573,13
at:44:47200,Attnang-Puchheim Bahnhof,48.012243752775,13.7205981569663,133
at:44:47230,Lehen-Altensam Bahnhst,48.0351768203487,13.7012484457436,18
at:44:47250,Wankham b.Attnang Bahnhst,47.997554502319,13.7308120017481,51
at:44:47270,Lenzing OÖ Bahnhof,47.983143673987,13.6136088066127,17
at:44:47271,Lenzing OÖ Ort Bahnhst,47.9717540490364,13.6067636441468,16
at:44:47300,Siebenmühlen-Rosenau Bahnhst,47.9592730909825,13.6056676995,16
at:44:47301,Kammer-Schörfling Bahnhst,47.9485460802713,13.5962353890154,17
at:44:47510,Grieskirchen-Gallspach Bahnhof,48.2312548892331,13.8383942401892,39
at:44:47511,Schlüßlberg Bahnhof,48.2236368059743,13.8691256060633,30
at:44:47650,Obertrattnach-Markt Hofkirchen Bahnhst,48.245464699888,13.7671039392316,17
at:44:47750,Bad Schallerbach-Wallern Bahnhof,48.2287954434942,13.9220543426109,37
at:44:47795,Kimpling Bahnhst,48.2666015924968,13.6707506418435,10
at:44:47800,Timelkam Bahnhof,48.0080970477614,13.5959838607359,19
at:44:47840,Neukirchen-Gampern Bahnhst,48.0201275822772,13.5500979160166,15
at:44:47841,Redl-Zipf Bahnhst,48.0262499382624,13.5148570074157,18
at:44:47860,Vöcklamarkt Bahnhof,47.9981496064433,13.4895694321642,18
at:44:47870,Frankenmarkt Bahnhof,47.9831075967769,13.4322479338766,20
at:44:47880,Pöndorf Bahnhof,47.9870458766814,13.3549928194316,15
at:44:47901,Oberhofen-Zell am Moos Bahnhst,47.9590444959189,13.3019922176611,18
at:44:47980,Wolfshütte Bahnhst,48.0529178604971,13.6815663578658,18
at:44:48000,Ried im Innkreis Bahnhof,48.2005482277103,13.4883028076135,60
at:44:48050,Bad Ried Bahnhst,48.2126355618005,13.4776757378008,21
at:44:48060,Oberbrunn im Innkreis Bahnhst,48.1709973890415,13.5123596909255,19
at:44:48080,Neuratting Bahnhst,48.2270779502253,13.3741898170559,32
at:44:48081,Gurten OÖ Bahnhst,48.2441186765431,13.334385466811,37
at:44:48101,Aurolzmünster Bahnhst,48.2490957950739,13.4580475488401,19
at:44:48140,St.Martin im Innkreis Bahnhof,48.2887936958839,13.4336942214842,19
at:44:48141,Hart im Innkreis Bahnhst,48.3164187127855,13.4150541793362,19
at:44:48170,Kumpfmühl Bahnhof,48.2692685023944,13.6203282049389,10
at:44:48171,Riedau Bahnhof,48.3034536079945,13.626535563553,27
at:44:48190,Peterskirchen Bahnhof,48.233917659498,13.5497745225143,38
at:44:48201,Pram-Haag Bahnhof,48.2317395835744,13.6174985117935,41
at:44:48210,Wendling b.Haag Bahnhof,48.2464039040845,13.6502151544457,37
at:44:48300,Eberschwang Bahnhof,48.1518047791101,13.5369106476439,18
at:44:48310,Hausruck Bahnhof,48.1296671404832,13.5716574828385,18
at:44:48315,Schalchen-Mattighofen Bahnhst,48.0952398363653,13.1636067481233,20
at:44:48320,Holzleithen am Hausruck Bahnhst,48.1135539551056,13.6066199137013,18
at:44:48500,Schärding Bahnhof,48.4642204474756,13.4421114356976,47
at:44:48530,Wernstein/Inn Bahnhof,48.506387682348,13.4574546607525,24
at:44:48531,Gopperding Bahnhst,48.4409902821885,13.4583260265782,19
at:44:48790,Taufkirchen/Pram Bahnhof,48.4072969065227,13.5212709785452,28
at:44:48800,Andorf Bahnhof,48.3697978181439,13.5657914840324,28
at:44:48880,Zell/Pram Bahnhof,48.3170459730176,13.6242089269668,10
at:44:48900,Suben Bahnhof,48.4026632151704,13.4331103165495,19
at:44:48920,Dietrichshofen Bahnhst,48.3701916842161,13.4221778195402,19
at:44:48930,Antiesenhofen Bahnhof,48.347634961175,13.4020914897845,19
at:44:49000,Braunau/Inn Bahnhof,48.259054559776,13.0481552677921,58
at:44:49100,Hagenau im Innkreis Bahnhst,48.2653099448568,13.1146665314376,32
at:44:49110,Mining Bahnhof,48.2713373545704,13.1718802318911,37
at:44:49120,Mühlheim/Inn Bahnhst,48.2697050012989,13.2206138360614,32
at:44:49130,Obernberg-Altheim Bahnhof,48.2705361327404,13.2577771393706,37
at:44:49131,Geinberg Bahnhst,48.2662727038343,13.2907273439967,33
at:44:49190,St.Georgen/Mattig Bahnhof,48.2163587719652,13.0988022835179,18
at:44:49210,Mauerkirchen Bahnhof,48.1913506037245,13.1288868623872,18
at:44:49220,Uttendorf-Helpfau Bahnhof,48.1603923074264,13.1334323377255,18
at:44:49250,Furth b.Mattighofen Bahnhst,48.1320234275872,13.1397744436322,18
at:44:49320,Achenlohe Bahnhst,48.0454834628936,13.1979313751342,4
at:44:49330,Teichstätt Bahnhof,48.0201155651618,13.2128344256999,4
at:44:49331,Friedburg Bahnhof,47.9971457399539,13.2341244979365,21
at:44:49650,Mattighofen Bahnhof,48.1087376083892,13.1522071271662,20
at:44:49666,Munderfing Bahnhof,48.0734499567223,13.1798482884624,20
at:44:49759,Lasberg-St.Oswald Bahnhst,48.4608786750852,14.5216438622328,7
at:44:49841,Schlägl Bahnhst,48.6365734843422,13.9754052873422,30
at:44:49844,Aigen-Schlägl Bahnhof,48.642640082591,13.9750279949228,30
at:45:50002,Salzburg Hauptbahnhof 7,47.8128739779457,13.0460352437213,311
at:45:50034,Salzburg Liefering S-Bahn 1,47.8241960711805,13.000499641963,140
at:45:50209,Wallersee S-Bahn 1,47.9192716154518,13.1593577168288,17
at:45:50210,Köstendorf Weng S-Bahn 1,47.9362641381288,13.1750063690803,21
at:45:50230,Eugendorf S-Bahn 2,47.8733524674419,13.1167685892027,17
at:45:50253,Salzburg Kasern S-Bahn 1,47.8390250614774,13.0653130897212,21
at:45:50254,Hallwang-Elixhausen S-Bahn 1,47.8577678089782,13.09138219927,21
at:45:50273,Neumarkt Bahnhof 1,47.955338708528,13.2255545701248,52
at:45:50281,Steindorf Bahnhof 1,47.9665815841754,13.238598108052,7
at:45:50290,Straßwalchen Bahnhof 1,47.9720908427371,13.2643528072513,34
at:45:50456,Salzburg Parsch S-Bahn 1,47.798659054605,13.0733440283624,114
at:45:50457,Salzburg Aigen S-Bahn 2,47.7887678554297,13.0787069706093,114
at:45:50458,Salzburg-Süd S-Bahn 1,47.7700545207365,13.0785632401638,145
at:45:50470,Elsbethen S-Bahn 2,47.760810063248,13.0803329212738,112
at:45:50475,Puch S-Bahn 2,47.7129191127704,13.0906186312784,115
at:45:50489,Oberalm 1,47.7004603710145,13.0931698466856,115
at:45:50494,Hallein Bahnhof 2,47.6850717408354,13.0995568683566,148
at:45:50500,Hallein Burgfried S-Bahn 1,47.6757698485924,13.1146665314376,115
at:45:50578,Kuchl Garnei S-Bahn 1,47.6516546244669,13.128329906911,115
at:45:50580,Kuchl S-Bahn 1,47.6249370090466,13.1421549791355,130
at:45:50591,Golling-Abtenau Bahnhof 3,47.6007861915132,13.1640020068483,177
at:45:50861,Salzburg Sam S-Bahn 1,47.8195396540721,13.0631930656504,114
at:45:51023,Salzburg Mülln-Altstadt S-Bahn 2,47.8084639065245,13.0345996901529,157
at:45:51024,Salzburg Aiglhof S-Bahn 2,47.8078907507305,13.0268921450141,141
at:45:52011,Hüttau Bahnhof 2,47.4156827897973,13.3206502261149,10
at:45:52099,Bischofshofen Bahnhof 4,47.4177920460833,13.2201107795022,140
at:45:52106,Pöham Bahnhof 1,47.430348577946,13.2545521875002,9
at:45:52114,Radstadt Bahnhof 1,47.3843987442143,13.4680547811066,32
at:45:52183,Altenmarkt Bahnhof 1,47.3824280484658,13.4285109422941,10
at:45:52189,Eschenau Bahnhof 1,47.3062444075745,13.0073807370403,41
at:45:52191,Lend Bahnhof 2,47.2976854488956,13.0548297503541,59
at:45:52192,Mitterberghütten Bahnhof 1,47.3953517934407,13.222518264464,73
at:45:52197,Schwarzach-St.Veit Bahnhof 1,47.3186630936919,13.1543990164597,123
at:45:52199,Dorfgastein Bahnhof 1,47.2387219960024,13.1030962305765,13
at:45:52201,Bad Hofgastein Bahnhof 1,47.1961455979624,13.1015151956763,27
at:45:52204,Bad Gastein Bahnhof 2,47.1115443995315,13.1320129995764,13
at:45:52210,Tenneck Bahnhof 1,47.4945126810836,13.1789499731782,69
at:45:52343,Eben Bahnhof 1,47.4070503707522,13.3962973562011,10
at:45:52385,St.Johann Bahnhof 3,47.3483123944447,13.1948321874036,113
at:45:52418,Mandling Bahnhof 1,47.4042840498267,13.5677048955878,11
at:45:52428,Pfarrwerfen Bahnhof 2,47.4607186183503,13.2000244497465,69
at:45:52434,Werfen Bahnhof 2,47.4729491627435,13.1951825303645,95
at:45:52495,Niedernfritz-St.Martin Bahnhof 1,47.4212991814387,13.3446711768156,10
at:45:54001,Saalfelden Bahnhof 2,47.4268359680717,12.8298287211093,71
at:45:54104,Zell am See Bahnhof 3,47.3205691858669,12.7967617354963,70
at:45:54179,Bruck-Fusch Bahnhof 1,47.2845732398113,12.8281488715278,58
at:45:54180,Taxenbach-Rauris Bahnhof 1,47.2927870299816,12.9471217477732,59
at:45:54252,Leogang Steinberge Bahnhof 1,47.4454051724687,12.7689229448376,21
at:45:54253,Maishofen-Saalbach Bahnhof 1,47.3588834872379,12.8103262962884,44
at:45:54276,Leogang Bahnhof 1,47.4434003056585,12.740275670423,21
at:45:56183,Seekirchen Bahnhof 1,47.899057512198,13.1293809357935,40
at:45:56199,Bad Vigaun S-Bahn 2,47.6641613257464,13.1240449430051,115
at:45:56483,Straßwalchen West,47.9767455878307,13.2454163210594,21
at:45:56533,Salzburg Gnigl S-Bahn 1,47.8119871674001,13.0663461522981,120
at:45:56656,Puch Urstein (FH) 2,47.7241058666292,13.0881123316353,121
at:45:56702,Salzburg Taxham Europark S-Bahn 1,47.8161134224544,13.0104260258539,157
at:45:56900,Gries Bahnhof 1,47.2880161187099,12.8906805984641,44
at:45:56901,Gerling Bahnhof 2,47.3902860630438,12.8274661519118,44
at:46:1034,Studenzen-Fladnitz,46.9992031109601,15.774676902767,50
at:46:1745,Pernegg Bahnhof 2,47.35947375066,15.3429735266176,29
at:46:1746,Flughafen Graz-Feldkirchen Bahnhof,46.9979777795337,15.449343039425,71
at:46:1747,Werndorf Bahnhof,46.9163197190372,15.4767955545115,71
at:46:1748,Wildon Bahnhof,46.8837763241821,15.52141487468,67
at:46:1749,Lebring Bahnhof,46.8557530566974,15.5321497423267,67
at:46:1751,Lichendorf Bahnhof,46.7139020779385,15.6981134910909,23
at:46:1752,Weitersfeld an der Mur Bahnhof,46.7146288615495,15.7219098629705,23
at:46:1753,Mureck Bahnhof,46.7113336201544,15.7710836416301,23
at:46:1756,Purkla Bahnhof,46.7316069435731,15.9032437862481,22
at:46:1757,Halbenrain Bahnhof,46.7237066727307,15.949147697273,22
at:46:1758,Judendorf-Straßengel Bahnhof 2,47.1185991342982,15.3432699706614,32
at:46:1759,Stübing Bahnhof 1,47.1774702731869,15.3223931234556,32
at:46:1760,Peggau-Deutschfeistritz Bahnhof 2,47.2075221754074,15.3431352233688,37
at:46:1761,Laßnitzhöhe 2,47.0788811447733,15.5883213970505,49
at:46:1762,Takern-St.Margarethen Bahnhof,47.045340879914,15.7578963732574,45
at:46:1764,Rohr Haltestelle,46.9765238016064,15.8120468185916,42
at:46:1765,Gniebing,46.9620692257391,15.8525428716054,42
at:46:1766,Lödersdorf,46.9546687858387,15.9462102062935,43
at:46:1767,Hohenbrugg an der Raab,46.944274559436,16.0604489609909,25
at:46:1768,Hatzendorf Bahnhof,46.9793860552844,16.0033610246772,20
at:46:1770,Söchau Bahnhof,47.028749592341,16.0135299536948,20
at:46:1771,Übersbach Bahnhof,47.0268329969131,16.0539271920273,20
at:46:1772,Bierbaum/Safen Bahnhof,47.0978846555311,16.0743728478967,20
at:46:1774,Bad Waltersdorf Bahnhof,47.1703622780116,16.013574869459,20
at:46:1775,Sebersdorf Bahnhof,47.1891133603673,15.9989053808673,20
at:46:1794,Kalsdorf Bahnhof,46.9642333697302,15.4699503920456,70
at:46:1827,Leibnitz Bahnhof,46.7798270595866,15.547412119006,80
at:46:1839,Spielfeld-Straß Bahnhof,46.7096582053222,15.6288623658285,92
at:46:1858,Gosdorf Bahnhof,46.7246057486456,15.7977366561136,23
at:46:1891,Bad Radkersburg Bahnhof,46.6995060503683,15.9933807418692,22
at:46:1923,Feldbach 3,46.9586235807284,15.8892749835781,50
at:46:1960,Fehring,46.9495485784874,16.0128652003845,93
at:46:1982,Fürstenfeld Bahnhof,47.0420720084774,16.0839848214381,20
at:46:2022,Hartberg Bahnhof,47.2809351225163,15.9846401341535,26
at:46:2042,Frohnleiten Bahnhof 2,47.2664715895702,15.3273428406718,47
at:46:2051,Mixnitz-Bärenschützklamm Bahnhof 1,47.331894704931,15.3599966012541,29
at:46:2065,Bruck/Mur Bahnhof 1,47.4136342381198,15.2792021245891,248
at:46:2244,Laßnitzthal 1,47.0882767113615,15.6571592972822,39
at:46:2735,Bad Blumau Bahnhof,47.1232447226609,16.0567658683255,20
at:46:28,Gleisdorf 2,47.098936470302,15.7099982023014,50
at:46:3038,Graz Ostbahnhof 2,47.0531265983253,15.4484537072936,51
at:46:3039,Raaba 1,47.0302130166348,15.4967561201275,51
at:46:3040,Graz Hbf 5,47.0726165131182,15.4162670706591,243
at:46:30454,Leoben Lerchenfeld Bahnhof,47.385450968256,15.114145674262,62
at:46:3747,Graz Liebenau Murpark 1,47.040137525801,15.4622967458238,51
at:46:3918,Kaindorf Bahnhof,46.8020362533423,15.5423725702614,71
at:46:4279,Graz Puntigam Bahnhof,47.0305742741974,15.4293645075034,77
at:46:4498,Graz Don Bosco Bahnhof 1,47.0580349340922,15.4190608311931,128
at:46:5205,St.Johann in der Haide Bahnhof,47.2804719606536,16.0353500319491,23
at:46:5211,Grafendorf Bahnhof,47.3468698877301,16.003540687734,24
at:46:5230,Rohrbach-Vorau Bahnhof,47.3893434064149,15.9858348934816,24
at:46:525,Gratwein-Gratkorn Bahnhof 2,47.1291122544742,15.3231387251415,41
at:46:5511,Unzmarkt Bahnhof 3,47.2010224446483,14.4422148247999,79
at:46:6092,Kapfenberg Bahnhof A/B,47.4450953344082,15.292551089713,127
at:46:6154,St.Marein Ort,47.474661454736,15.3717375820191,1
at:46:6155,St.Marein-St.Lorenzen Bahnhof,47.4733256288884,15.3732737011552,66
at:46:6208,Leoben Fichtlplatz,47.383589794688,15.1140827921921,10
at:46:6216,Niklasdorf Proleber Straße,47.3933875884341,15.1518030509775,10
at:46:6310,Mürzhofen Gemeindeamt,47.4854439689696,15.3978156747208,1
at:46:6313,Kindberg Bahnhof,47.5012919468317,15.4485165893635,65
at:46:6344,Leoben Hauptbahnhof A,47.3859497029502,15.0897204816834,148
at:46:6539,Krieglach Bahnhof,47.5473095328863,15.5607071852128,66
at:46:6589,Hieflau Bahnhof,47.607485103625,14.7374371598141,9
at:46:6635,Wartberg Bahnhof/Landesstraße,47.5267503752893,15.4845749648731,1
at:46:6650,Langenwang Ortsmitte,47.5684727952089,15.6207954945759,1
at:46:6750,St.Michael Bahnhof,47.346346436727,15.0093032974378,55
at:46:6770,Mautern Bahnhof,47.3968902682111,14.8353086100325,7
at:46:6793,Admont Bahnhof,47.5736668238018,14.4682390185845,9
at:46:6802,Gstatterboden Bahnhof,47.5915722720256,14.6337805591651,9
at:46:6892,Stainach-Irdning Bahnhof,47.5291827196225,14.1072240721523,94
at:46:6938,Selzthal Bahnhof,47.5503593641829,14.3135311603319,78
at:46:6947,Rottenmann Bahnhof,47.5278422146281,14.3648069967566,24
at:46:7024,Gröbming Bahnhof,47.4265989496206,13.9001893485924,6
at:46:7063,Bad Aussee Bahnhof,47.5990840708468,13.7767967611486,51
at:46:7112,Tauplitz Bahnhof,47.5516750417758,14.0101521225368,68
at:46:7189,Haus Bahnhof,47.4170383157867,13.800494318347,6
at:46:7208,Schladming Bahnhof,47.3940139527803,13.678476153288,37
at:46:7316,Bad Mitterndorf Bahnhof,47.5505170047145,13.9440091681579,49
at:46:7420,Kapfenberg Fachhochschule,47.4537761845344,15.3298042245506,67
at:46:7421,Allerheiligen-Mürzhofen Bahnhof,47.4821110969833,15.4032325158848,55
at:46:7422,Wartberg Bahnhof,47.5273812185684,15.4840449588554,59
at:46:7423,Mitterdorf-Veitsch Bahnhof,47.5364184286851,15.5125305365188,66
at:46:7424,Langenwang Bahnhof,47.567909118182,15.613267612494,55
at:46:7426,Mürzzuschlag Bahnhof,47.6084238518851,15.677811565667,136
at:46:7427,Spital am Semmering Bahnhof,47.6164418923256,15.7479160904494,43
at:46:7428,Steinhaus Bahnhof,47.6208198048324,15.7838487018192,39
at:46:7431,Kammern Bahnhof,47.389872512534,14.903643453705,7
at:46:7432,Kalwang Bahnhof,47.4237364117414,14.7463664137394,7
at:46:7433,Wald am Schoberpaß Bahnhof,47.4502772878522,14.6708630140987,7
at:46:7435,Gaishorn Bahnhof,47.4891104909456,14.5470122858599,7
at:46:7436,Trieben Bahnhof,47.4890679996071,14.4897267201836,9
at:46:7437,Liezen Bahnhof 1,47.5626114699446,14.2422139099157,37
at:46:7438,Wörschach Schwefelbad Bahnhof,47.5455389728656,14.1395185066209,5
at:46:7441,Niederöblarn Bahnhof,47.4819957479013,14.0145089516654,6
at:46:7442,Öblarn Bahnhof,47.4607246918193,13.9876583078193,8
at:46:7443,Stein an der Enns Bahnhof,47.4374034752551,13.9419699924626,6
at:46:7444,Pruggern Bahnhof,47.4233292015621,13.8745244809216,6
at:46:7445,Aich-Assach Bahnhof,47.4203023764361,13.8211645530374,6
at:46:7447,Pichl bei Schladming Bahnhof,47.3883034237349,13.613024901678,11
at:46:7449,Ardning Bahnhof,47.5906695720126,14.359309307217,27
at:46:7452,Johnsbach Bahnhof,47.5824536804127,14.5958536878643,9
at:46:7456,Weißenbach-St.Gallen Bahnhof,47.7140070710886,14.6353526109125,28
at:46:7461,Niklasdorf Bahnhof 2,47.3936673248874,15.1545249462888,69
at:46:7463,Kraubath an der Mur Bahnhof,47.3060190292743,14.9453612155053,35
at:46:7465,Fentsch-St.Lorenzen Bahnhof,47.2518150794249,14.8925672262502,33
at:46:7466,Knittelfeld Bahnhof,47.2154733449547,14.8380844042608,66
at:46:7468,Zeltweg Bahnhof,47.1901084297481,14.7500944221691,34
at:46:7469,Judenburg Bahnhof,47.1750155576593,14.6626524124007,67
at:46:7470,Thalheim-Pöls Bahnhof,47.1966705366546,14.5893049694421,34
at:46:7471,St.Georgen ob Judenburg Bahnhof,47.2121538918749,14.4995902220046,34
at:46:7472,Scheifling Bahnhof,47.1484949553355,14.4182567561691,23
at:46:7473,Mariahof-St.Lambrecht Bahnhof,47.106304706225,14.3728020027863,21
at:46:7474,Neumarkt Bahnhof,47.0734730491898,14.4149689222288,29
at:46:7510,Pürgg Bahnhof,47.5286853416766,14.0646439276791,34
at:46:7512,Bad Mitterndorf-Heilbrunn Bahnhof,47.5512870112655,13.925072681966,46
at:46:7513,Kainisch Bahnhof,47.5698425657119,13.8427600524707,46
at:46:7514,Kulm Schiflugschanze Bahnhof,47.5520448806817,13.9954826339451,41
at:46:7542,Dechantskirchen Bahnhof,47.4186916455392,16.0221717467293,25
at:46:7543,Friedberg,47.4345597544657,16.0535409164551,29
at:46:7547,Pinggau Markt Bahnhof,47.4405933637551,16.0611765963712,29
at:46:7548,Tauchen-Schaueregg Bahnhof,47.4828153279913,16.0548524567701,29
at:46:76,Ehrenhausen Bahnhof,46.7276415586498,15.5855905185864,62
at:46:942,Feldkirchen-Seiersberg Bahnhof,47.0124961505099,15.440449718111,71
at:46:977,Hart b.Graz Bahnhof 1,47.0421393468009,15.5076347182197,39
at:47:1150,Lienz-Peggetz Bahnhof,46.8273217978306,12.7923150748393,49
at:47:1153,Hochfilzen Bahnhof,47.4674961732612,12.6264411576035,27
at:47:1154,Pfaffenschwendt Bahnhof,47.4685588826344,12.5809774210679,13
at:47:1155,Fieberbrunn Bahnhof,47.4910164956281,12.5294410732108,29
at:47:1156,St. Johann i. T. Grieswirt Bahnhof,47.5097572133851,12.4668195147461,13
at:47:1157,St. Johann i. T. Bahnhof,47.5196407322749,12.4306713077081,33
at:47:1159,Oberndorf in Tirol,47.4974502680681,12.3908130585462,13
at:47:1160,Kitzbühel Bahnhof,47.4539644866086,12.3910196710616,33
at:47:1161,Kitzbühel Hahnenkamm Bahnhof,47.4433577773532,12.389968642179,25
at:47:1162,Kitzbühel Schwarzsee Bahnhof,47.4534785443966,12.3705470657336,13
at:47:1163,Kirchberg i. T. Bahnhof,47.4489529919256,12.3088956877759,33
at:47:1164,Brixen i. Th. Bahnhof,47.4492324332913,12.2613748092394,27
at:47:1165,Westendorf Bahnhof,47.441061197806,12.2227113194055,27
at:47:1166,Windau Bahnhof,47.4389285698851,12.1868685395641,13
at:47:1167,Hopfgarten i. Br. Berglift Bahnhof,47.4469543353968,12.1586165238746,27
at:47:1168,Hopfgarten i. Br. Bahnhof,47.455634878714,12.1490314997918,15
at:47:1169,Wörgl Süd-Bruckhäusl Bahnhof,47.4868887548736,12.1090834191014,13
at:47:1170,Wörgl Hbf,47.4916052792686,12.060358798084,147
at:47:1172,Kundl Bahnhof,47.4761065371877,11.9820796042149,34
at:47:1173,Rattenberg-Kramsach Bahnhof 1,47.4391959125971,11.89603896629,32
at:47:1174,Brixlegg Bahnhof,47.4348331958352,11.8800938699946,32
at:47:1175,Münster-Wiesing Bahnhof,47.403372044054,11.8197540323519,32
at:47:1178,Stans Bahnhof,47.3652786699997,11.7262304281092,24
at:47:1179,Schwaz Bahnhof,47.3497244303448,11.701499808334,56
at:47:1180,Pill-Vomperbach Bahnhof,47.3239792750536,11.6770656326025,22
at:47:1181,Terfens-Weer Bahnhof,47.3159773966459,11.6345843028106,22
at:47:1182,Fritzens-Wattens Bahnhof,47.3020899828974,11.5895248081529,22
at:47:1183,Volders-Baumkirchen Bahnhof,47.2962902986786,11.564488761181,22
at:47:1184,Hall in Tirol Bahnhof,47.2769615494567,11.5011934662531,52
at:47:1186,Rum Bahnhof,47.2779184033758,11.4570861857967,58
at:47:1187,Innsbruck Hauptbahnhof,47.2631980039047,11.4008246995445,239
at:47:1189,Innsbruck Westbahnhof,47.255949065016,11.3918595130077,94
at:47:1191,Völs Bahnhof,47.2556137242302,11.3214585441814,39
at:47:1192,Kematen i. T. Bahnhof,47.2612715534805,11.2765607462749,24
at:47:1193,Oberhofen i. I. Bahnhof,47.3019498719755,11.0957029300979,19
at:47:1194,Zirl Bahnhof,47.2659168621112,11.2298393683413,24
at:47:1195,Inzing Bahnhof,47.2777233772294,11.1991169856202,21
at:47:1196,Hatting Bahnhof,47.2813373387392,11.170505643817,21
at:47:1197,Flaurling Bahnhof,47.2889423062856,11.1431249939532,19
at:47:1198,Telfs-Pfaffenhofen Bahnhof,47.3005852940121,11.0787966364485,47
at:47:1199,Rietz Bahnhof,47.2920315120498,11.0247090731841,18
at:47:1200,Stams Bahnhof,47.2818979986751,10.9798382247361,25
at:47:1201,Mötz Bahnhof,47.2752428257161,10.9599585074957,17
at:47:1202,Silz Bahnhof,47.270189942224,10.9367550237037,24
at:47:1203,Haiming Bahnhof,47.2532723766615,10.8901504267571,17
at:47:1204,Ötztal-Bahnhof,47.2386427080438,10.8592124483677,67
at:47:1205,Roppen Bahnhof,47.2157418210478,10.8174318044975,15
at:47:1206,Imst-Pitztal Bahnhof,47.2187437793295,10.7637664494167,34
at:47:1209,Imsterberg Bahnhof,47.2112019515533,10.706049692404,15
at:47:1210,Schönwies Bahnhof,47.1973053392986,10.6607296863139,15
at:47:1212,Landeck-Zams Bahnhof,47.1482872337089,10.5785338378055,71
at:47:1222,St. Anton a. A. Bahnhof,47.1274681884331,10.2671777602863,49
at:47:211,Innsbruck Messe Bahnhof,47.2728352996644,11.4071578222984,58
at:47:2181,Kirchbichl Bahnhof,47.5196710655631,12.0938479918806,24
at:47:2183,Schaftenau Bahnhof,47.5588045909843,12.1252710605235,32
at:47:2184,Kufstein Bahnhof,47.5821385910481,12.1657671135372,152
at:47:2221,Innsbruck Hötting Bahnhof,47.261369096959,11.3737584600302,53
at:47:2222,Innsbruck Allerheiligenhöfe Bahnhof,47.269141515132,11.3534834840648,53
at:47:2223,Kranebitten Bahnhof,47.2696596357673,11.3284115044815,53
at:47:2225,Hochzirl Bahnhof,47.2810509123484,11.2493687426208,53
at:47:2226,Leithen Bahnhof,47.2907946327823,11.2218443623116,53
at:47:2227,Reith b. S. Bahnhof,47.30089598227,11.2007339531318,53
at:47:2228,Seefeld i. T. Bahnhof,47.3288017396844,11.1895948436072,53
at:47:2230,Gießenbach Bahnhof,47.3746114463162,11.2367743623357,45
at:47:2231,Scharnitz Bahnhof,47.3918672556579,11.2668589412051,52
at:47:2263,Matrei a. Br. Bahnhof,47.127132034844,11.4526844409039,17
at:47:2264,Steinach a. Br. Bahnhof,47.0894449244422,11.46989616175,16
at:47:2265,St. Jodok a. Br. Bahnhof,47.0633344501987,11.4992710715448,13
at:47:2266,Gries a. Br. Bahnhof,47.041141506578,11.4852753194163,13
at:47:294,Hall-Thaur Bahnhof,47.2770042121019,11.4746392664508,22
at:47:3871,Nikolsdorf Bahnhof,46.7790273331025,12.8954686189291,49
at:47:3872,Dölsach Bahnhof,46.8147696534968,12.833386049635,49
at:47:3873,Lienz Bahnhof,46.8283850916648,12.7712855140351,67
at:47:3875,Thal Bahnhof,46.7841330749378,12.6707999663395,13
at:47:3876,Mittewald Bahnhof,46.7696388864413,12.5950719878777,13
at:47:3877,Abfaltersbach Bahnhof,46.7581810418443,12.5293422585295,13
at:47:3878,Tassenbach Bahnhof,46.7468254033257,12.465570856501,13
at:47:3879,Sillian Bahnhof,46.7458651420689,12.4253981969896,34
at:47:3880,Weitlanbrunn Bahnhof,46.7425164048779,12.3954932811771,9
at:47:3881,Heinfels Bahnhof,46.745828208602,12.444190952736,13
at:47:61321,Jenbach Bahnhof,47.3882973419045,11.7775871129095,88
at:48:1029,Götzis Bahnhof,47.3373800107614,9.63744077972521,53
at:48:1098,Hard-Fussach Bahnhof,47.4798526373119,9.68833034057766,41
at:48:1099,Dornbirn Haselstauden Bahnhof,47.4327246222875,9.74913730216818,37
at:48:1133,Hohenems Bahnhof,47.3647554015789,9.68114381830371,61
at:48:1184,Klaus Bahnhof,47.3087174144468,9.62429842711671,34
at:48:1226,Langen a. A. Bahnhof,47.1314713087892,10.1215518695575,15
at:48:1252,Lauterach Bahnhof,47.4773572907542,9.72432583401734,42
at:48:130,Bludenz Bahnhof,47.1547750964851,9.81448973909697,109
at:48:1303,Lorüns Bahnhof,47.1310007285886,9.85291068380411,14
at:48:1305,Ludesch Bahnhof,47.1801691080421,9.77147840328734,27
at:48:1313,Lustenau Bahnhof,47.4507936327332,9.66724688085644,41
at:48:134,Schruns Bahnhof,47.079584646274,9.91759836742256,14
at:48:1377,Nenzing Bahnhof,47.1914453340856,9.70875803014139,44
at:48:139,Kaltenbrunnen Bahnhof,47.0853835917109,9.88816057555787,14
at:48:1405,Nüziders Bahnhof,47.1711378529337,9.79361289189113,26
at:48:1436,Rankweil Bahnhof,47.2723294005178,9.63755756071216,61
at:48:146,Schwarzach Bahnhof,47.4460734444255,9.75433854766396,39
at:48:1679,Schlins Bahnhof,47.1949369984411,9.69048629725985,23
at:48:187,St. Anton im Montafon Bahnhof,47.1099670432124,9.86622371631662,14
at:48:233,Sulz-Röthis Bahnhof,47.2940238626521,9.63461108657984,20
at:48:2383,Lauterach Unterfeld Bahnhof,47.4809272391017,9.7178399976651,28
at:48:276,Tisis Bahnhof,47.2272179028968,9.57575346915614,16
at:48:326,Vandans Bahnhof,47.0987713612186,9.8687389991125,14
at:48:356,Wolfurt Bahnhof,47.457050114865,9.74106144776282,40
at:48:394,Altach Bahnhof,47.3526214202206,9.66217139950046,21
at:48:413,Bludenz Moos Bahnhof,47.1421224194527,9.8310456897856,14
at:48:452,Bregenz Bahnhof,47.5032946062811,9.74107941406851,106
at:48:454,Bregenz Riedenburg Bahnhof,47.4936629351967,9.72121766313386,87
at:48:466,Bregenz Hafen Bahnhof,47.5061285422812,9.74828390264815,48
at:48:511,Bludenz Brunnenfeld Bahnhof,47.1362502121,9.83888798221705,14
at:48:567,Altenstadt Bahnhof,47.2564002474497,9.61529730796858,21
at:48:585,Dornbirn Bahnhof,47.4176036145207,9.73840243452146,77
at:48:628,Dornbirn Hatlerdorf Bahnhof,47.39901851894,9.72480194111799,21
at:48:738,Dornbirn Schoren Bahnhof,47.413214791894,9.72659857168648,35
at:48:817,Feldkirch Bahnhof,47.2408932201416,9.60394260277573,126
at:48:847,Feldkirch Amberg Bahnhof,47.2553576443819,9.62126212145597,20
at:48:868,Frastanz Bahnhof,47.220189783947,9.63910266300106,43
at:48:889,Lochau Bahnhof,47.529401079182,9.74256163428751,34
at:48:892,Tschagguns Bahnhof,47.079119724584,9.90476144201071,14
at:48:975,Gisingen Bahnhof,47.2555771414705,9.59798677244119,16
at:49:1003,Wien Penzing,48.1925602813794,16.3048536003753,96
at:49:1015,Wien Meidling,48.1746517396117,16.3339051166678,1145
at:49:1040,Wien Praterstern,48.2183758965479,16.3931310433581,774
at:49:1062,Wien Spittelau,48.2352699347115,16.3580428483555,214
at:49:1091,Wien Rennweg,48.194386720758,16.3867889374513,817
at:49:1248,Wien Siemensstraße,48.2710264341578,16.4207272888901,331
at:49:1257,Wien Grillgasse,48.1671270879371,16.4070100144996,210
at:49:1260,Wien Simmering,48.169924997401,16.4192091360597,129
at:49:1295,Wien Speising,48.17368126535,16.2835725112916,113
at:49:1299,Wien Stadlau,48.2186931225587,16.4481169219067,129
at:49:1301,Wien Praterkai,48.1992968251394,16.4408405681043,59
at:49:1333,Wien Strebersdorf,48.2856077608137,16.3817404055538,127
at:49:1346,Wien Quartier Belvedere,48.1880448042928,16.3820458327505,587
at:49:1349,Wien Hauptbahnhof,48.1853317334923,16.378650200976,1362
at:49:1357,Wien Süßenbrunn,48.2850638008171,16.4842920784032,117
at:49:1385,Wien Traisengasse,48.2346237191566,16.3851719699397,772
at:49:1425,Wien St. Marx,48.1878471682236,16.3999223069069,86
at:49:1458,Wien Weidlingau Bahnhof,48.2103368531568,16.211824069539,60
at:49:1468,Wien Westbahnhof,48.1962310590477,16.3367976918831,134
at:49:1482,Wien Wolf in der Au,48.2046554873426,16.2362762115761,60
at:49:1519,Wien Zentralfriedhof,48.1539263259242,16.4262878604995,86
at:49:166,Wien Breitensee,48.1978298310517,16.3066142983325,33
at:49:1705,Wien Handelskai,48.2420427399889,16.3852168857039,801
at:49:176,Wien Brünner Straße,48.2693940709544,16.4046833779134,129
at:49:1780,Wien Kaiserebersdorf,48.146152885959,16.4653645753642,142
at:49:288,Wien Erzherzog-Karl-Straße,48.2301059657891,16.4536685103633,127
at:49:334,Wien Floridsdorf,48.2561418965629,16.400605026523,783
at:49:345,Wien Franz-Josefs-Bahnhof,48.2267607761741,16.3610971203219,216
at:49:393,Wien Gersthof,48.2307402704633,16.3292248940369,31
at:49:460,Wien Hadersdorf,48.2103907303216,16.2222714762947,60
at:49:465,Wien Haidestraße,48.1788509257928,16.4263327762637,59
at:49:484,Wien Geiselbergstraße,48.1751070175034,16.4070100144996,86
at:49:491,Wien Heiligenstadt,48.2489701766462,16.3657414103414,245
at:49:505,Wien Hernals,48.2230143830027,16.3144206581525,32
at:49:511,Wien Hetzendorf,48.1665099695865,16.3150584620044,278
at:49:532,Wien Hirschstetten,48.2326969910045,16.4691195332523,55
at:49:560,Wien Hütteldorf,48.1975005000747,16.2609439492815,280
at:49:582,Wien Blumental,48.1388818260272,16.3692987388671,69
at:49:591,Wien Jedlersdorf,48.2728201797427,16.3966614224251,134
at:49:723,Wien Krottenbachstraße,48.2400385138165,16.3402023068104,31
at:49:743,Wien Mitte-Landstraße,48.2057930083024,16.3843365367253,773
at:49:769,Wien Leopoldau,48.2777646123717,16.4501111818377,389
at:49:788,Wien Liesing,48.1346913575282,16.2841923488377,409
at:49:849,Wien Matzleinsdorfer Platz,48.1801327771602,16.3579619999799,746
at:49:910,Wien Aspern Nord,48.2338518398808,16.5046299364385,61
at:49:94,Wien Atzgersdorf,48.1470159936855,16.2886569758004,276
at:49:948,Wien Nußdorf,48.260208813659,16.3676638050497,50
at:49:959,Wien Oberdöbling,48.2440109931453,16.344100995144,31
at:49:981,Wien Ottakring,48.2118154614423,16.3111148579065,33
